{"stats":{"minecraft:custom":{"minecraft:interact_with_furnace":7,"minecraft:mob_kills":15,"minecraft:interact_with_crafting_table":9,"minecraft:open_barrel":7,"minecraft:interact_with_grindstone":1,"minecraft:leave_game":1,"minecraft:time_since_death":67241,"minecraft:climb_one_cm":28,"minecraft:time_since_rest":67241,"minecraft:sprint_one_cm":71551,"minecraft:damage_taken":688,"minecraft:walk_one_cm":289975,"minecraft:drop":2,"minecraft:damage_dealt":1913,"minecraft:swim_one_cm":8245,"minecraft:fly_one_cm":26161,"minecraft:open_chest":11,"minecraft:crouch_one_cm":2664,"minecraft:play_time":67241,"tombstone:undead_killed":5,"minecraft:sneak_time":1710,"minecraft:walk_under_water_one_cm":3848,"minecraft:boat_one_cm":13905,"minecraft:jump":748,"minecraft:interact_with_brewingstand":2,"minecraft:walk_on_water_one_cm":5564,"minecraft:total_world_time":67241,"minecraft:fall_one_cm":15122},"minecraft:picked_up":{"born_in_chaos_v1:corpse_maggot":2,"minecraft:crafting_table":3,"minecraft:coarse_dirt":7,"minecraft:feather":1,"minecraft:chicken":2,"minecraft:gunpowder":1,"minecraft:lapis_lazuli":35,"minecraft:dirt":2,"minecraft:iron_axe":1,"born_in_chaos_v1:intoxicating_decoction":1,"minecraft:bone":5,"minecraft:cobbled_deepslate":1,"minecraft:furnace":1,"minecraft:stick":2,"minecraft:raw_iron":32,"scalinghealth:heart_crystal_shard":5,"minecraft:sweet_berries":39,"minecraft:torch":3,"minecraft:spruce_fence":2,"alexscaves:uranium":1,"minecraft:porkchop":2,"tombstone:grave_dust":1,"minecraft:spruce_log":9,"minecraft:leather_helmet":1,"minecraft:arrow":1,"minecraft:rotten_flesh":3,"minecraft:spruce_boat":1,"minecraft:mutton":2,"minecraft:coal":122,"minecraft:white_wool":2,"minecraft:cobblestone":188},"minecraft:used":{"minecraft:stone_sword":75,"minecraft:stone_pickaxe":262,"minecraft:wooden_pickaxe":59,"minecraft:iron_chestplate":1,"minecraft:torch":32,"minecraft:dirt":2,"minecraft:crafting_table":3,"minecraft:spruce_boat":1,"minecraft:iron_axe":2,"minecraft:iron_pickaxe":42,"minecraft:leather_helmet":1,"minecraft:cobblestone":5,"minecraft:sweet_berries":63,"minecraft:furnace":2,"alexsmobs:animal_dictionary":1,"minecraft:coarse_dirt":2},"minecraft:broken":{"minecraft:stone_pickaxe":2,"minecraft:wooden_pickaxe":1},"minecraft:killed":{"minecraft:pig":2,"born_in_chaos_v1:zombie_clown_not_despawn":1,"minecraft:zombie_horse":1,"born_in_chaos_v1:maggot":3,"minecraft:skeleton":2,"minecraft:sheep":2,"minecraft:chicken":2,"minecraft:drowned":1},"minecraft:mined":{"minecraft:powder_snow":7,"minecraft:crafting_table":3,"minecraft:torch":2,"minecraft:grass_block":1,"minecraft:spruce_fence":2,"minecraft:cobblestone":13,"minecraft:deepslate_coal_ore":1,"minecraft:spruce_leaves":20,"minecraft:lapis_ore":6,"minecraft:spawner":4,"alexscaves:radrock_uranium_ore":1,"minecraft:birch_planks":1,"minecraft:coarse_dirt":8,"minecraft:furnace":1,"minecraft:iron_ore":26,"minecraft:cobbled_deepslate":1,"minecraft:sweet_berry_bush":17,"minecraft:spruce_log":9,"minecraft:coal_ore":121,"minecraft:deepslate_iron_ore":6,"minecraft:dirt":1,"minecraft:black_candle":1,"minecraft:stone":176,"minecraft:oak_leaves":2,"scalinghealth:heart_crystal_ore":5,"minecraft:fern":1},"minecraft:crafted":{"minecraft:crafting_table":1,"minecraft:spruce_planks":36,"minecraft:wooden_pickaxe":1,"minecraft:furnace":1,"minecraft:iron_chestplate":1,"minecraft:stick":24,"minecraft:iron_ingot":19,"minecraft:stone_pickaxe":2,"minecraft:iron_pickaxe":1,"minecraft:stone_sword":1,"minecraft:iron_leggings":1,"minecraft:spruce_boat":1,"minecraft:torch":68},"minecraft:dropped":{"minecraft:coarse_dirt":5,"minecraft:cobbled_deepslate":1}},"DataVersion":3465}