{"stats":{"minecraft:custom":{"minecraft:mob_kills":48,"minecraft:interact_with_crafting_table":16,"minecraft:open_barrel":31,"minecraft:damage_dealt_resisted":1877,"minecraft:eat_cake_slice":1,"minecraft:leave_game":4,"minecraft:time_since_death":33986,"minecraft:climb_one_cm":2919,"minecraft:sprint_one_cm":278549,"minecraft:walk_one_cm":690725,"minecraft:drop":26,"minecraft:talked_to_villager":1,"minecraft:play_time":168097,"minecraft:sneak_time":6747,"minecraft:deaths":3,"minecraft:walk_under_water_one_cm":13983,"minecraft:interact_with_lectern":1,"minecraft:boat_one_cm":45000,"minecraft:jump":2386,"minecraft:interact_with_brewingstand":5,"minecraft:walk_on_water_one_cm":16446,"minecraft:total_world_time":168097,"minecraft:interact_with_furnace":9,"minecraft:interact_with_loom":1,"minecraft:interact_with_grindstone":1,"minecraft:sleep_in_bed":1,"minecraft:time_since_rest":32448,"minecraft:damage_taken":2609,"minecraft:damage_dealt":8126,"minecraft:swim_one_cm":24963,"minecraft:fly_one_cm":167052,"minecraft:open_chest":68,"minecraft:crouch_one_cm":14604,"tombstone:undead_killed":18,"minecraft:fall_one_cm":56064,"minecraft:horse_one_cm":94238},"minecraft:picked_up":{"minecraft:crafting_table":6,"minecraft:coarse_dirt":8,"minecraft:wheat":25,"minecraft:chicken":2,"minecraft:stone_slab":1,"minecraft:enchanted_book":1,"minecraft:string":10,"minecraft:iron_axe":1,"born_in_chaos_v1:intoxicating_decoction":1,"minecraft:blue_orchid":1,"minecraft:cracked_stone_bricks":1,"minecraft:cobbled_deepslate":1,"minecraft:spruce_planks":7,"minecraft:beef":23,"minecraft:cobblestone_slab":1,"minecraft:smooth_quartz":5,"minecraft:mangrove_log":1,"minecraft:egg":1,"minecraft:furnace":1,"minecraft:stick":8,"minecraft:raw_iron":91,"minecraft:torch":28,"minecraft:spruce_stairs":3,"minecraft:spruce_fence":2,"minecraft:porkchop":2,"tombstone:grave_dust":3,"minecraft:rotten_flesh":6,"minecraft:arrow":6,"supplementaries:ash":3,"minecraft:mutton":2,"minecraft:cobblestone":302,"minecraft:white_wool":2,"born_in_chaos_v1:fused_bone":2,"born_in_chaos_v1:corpse_maggot":2,"minecraft:mossy_cobblestone_slab":2,"minecraft:feather":1,"minecraft:andesite":1,"minecraft:leather":9,"minecraft:tuff":1,"minecraft:stripped_spruce_wood":3,"minecraft:gunpowder":1,"minecraft:lapis_lazuli":35,"minecraft:dirt":15,"minecraft:bone":15,"minecraft:stone_bricks":10,"minecraft:wheat_seeds":68,"minecraft:iron_ingot":1,"minecraft:cyan_concrete":1,"scalinghealth:heart_crystal_shard":14,"minecraft:sweet_berries":39,"minecraft:stone_brick_slab":4,"alexscaves:uranium":1,"minecraft:spruce_log":12,"minecraft:barrel":1,"minecraft:spider_eye":1,"minecraft:leather_helmet":1,"minecraft:dark_prismarine":113,"minecraft:purple_bed":1,"minecraft:diamond":5,"minecraft:spruce_boat":3,"minecraft:emerald":13,"minecraft:lodestone":1,"minecraft:coal":188},"minecraft:used":{"minecraft:stone_sword":141,"minecraft:iron_sword":116,"minecraft:iron_chestplate":1,"minecraft:torch":103,"minecraft:dirt":2,"minecraft:spruce_boat":3,"minecraft:lava_bucket":14,"minecraft:iron_axe":20,"minecraft:bow":8,"minecraft:sweet_berries":63,"minecraft:furnace":2,"tombstone:gift":2,"minecraft:egg":1,"minecraft:stone_pickaxe":262,"minecraft:wooden_pickaxe":59,"minecraft:crafting_table":7,"minecraft:dark_prismarine":73,"minecraft:diamond_pickaxe":508,"minecraft:bread":29,"minecraft:iron_pickaxe":109,"minecraft:leather_helmet":1,"minecraft:diamond_sword":45,"minecraft:potion":1,"minecraft:cobblestone":109,"minecraft:bucket":15,"alexsmobs:animal_dictionary":1,"minecraft:coarse_dirt":2,"minecraft:experience_bottle":201},"minecraft:broken":{"minecraft:stone_sword":1,"minecraft:wooden_pickaxe":1,"minecraft:stone_pickaxe":2},"minecraft:killed":{"born_in_chaos_v1:zombie_lumberjack":2,"born_in_chaos_v1:zombie_clown_not_despawn":1,"minecraft:spider":1,"born_in_chaos_v1:siamese_skeletonsright":1,"minecraft:zombie_horse":1,"born_in_chaos_v1:maggot":7,"minecraft:skeleton":5,"minecraft:chicken":2,"minecraft:drowned":1,"born_in_chaos_v1:corpse_fish":1,"minecraft:pig":2,"minecraft:zombie_villager":1,"creeperoverhaul:spruce_creeper":1,"born_in_chaos_v1:decrepit_skeleton":3,"minecraft:sheep":2,"minecraft:zombie":1,"born_in_chaos_v1:door_knight":1,"born_in_chaos_v1:siamese_skeletonsleft":1,"minecraft:cow":12},"minecraft:mined":{"minecraft:dark_oak_planks":3,"minecraft:dark_prismarine":123,"minecraft:diamond_ore":5,"minecraft:tuff":1,"minecraft:spruce_planks":4,"minecraft:mossy_stone_brick_slab":2,"minecraft:cobbled_deepslate_stairs":1,"minecraft:grass_block":6,"minecraft:spruce_fence":2,"minecraft:soul_soil":2,"minecraft:spruce_leaves":20,"minecraft:spawner":13,"alexscaves:radrock_uranium_ore":1,"minecraft:mossy_cobblestone_slab":2,"minecraft:furnace":1,"minecraft:fire":24,"minecraft:iron_ore":74,"minecraft:cobbled_deepslate":1,"minecraft:barrel":1,"minecraft:andesite":8,"minecraft:cyan_concrete":1,"minecraft:deepslate_iron_ore":19,"minecraft:cobblestone_slab":2,"minecraft:iron_bars":1,"minecraft:black_candle":1,"minecraft:stone":341,"scalinghealth:heart_crystal_ore":5,"minecraft:acacia_leaves":3,"minecraft:glass_pane":3,"minecraft:stone_brick_slab":5,"minecraft:powder_snow":7,"minecraft:crafting_table":6,"minecraft:cornflower":1,"minecraft:torch":28,"minecraft:emerald_ore":12,"minecraft:oak_wood":10,"minecraft:stone_slab":4,"minecraft:cobblestone":20,"minecraft:deepslate_coal_ore":6,"minecraft:lapis_ore":6,"minecraft:oak_planks":2,"minecraft:bricks":3,"minecraft:birch_planks":1,"minecraft:purple_bed":1,"minecraft:coarse_dirt":9,"minecraft:stripped_spruce_wood":3,"minecraft:wheat":50,"minecraft:sweet_berry_bush":17,"minecraft:spruce_log":12,"minecraft:grass":2,"graveyard:creeper_skeleton":1,"minecraft:coal_ore":200,"minecraft:acacia_fence":1,"minecraft:smooth_quartz":2,"minecraft:gravel":6,"graveyard:leaning_skeleton":1,"minecraft:dirt":40,"minecraft:lodestone":1,"minecraft:cobweb":11,"minecraft:cracked_stone_bricks":3,"minecraft:stone_bricks":11,"minecraft:mossy_stone_bricks":4,"minecraft:oak_leaves":4,"minecraft:deepslate_emerald_ore":1,"minecraft:deepslate":1,"minecraft:fern":1},"minecraft:crafted":{"minecraft:furnace":1,"minecraft:iron_boots":1,"minecraft:stone_pickaxe":2,"minecraft:chest":1,"minecraft:spruce_boat":1,"sophisticatedbackpacks:iron_backpack":1,"sophisticatedbackpacks:backpack":1,"minecraft:crafting_table":2,"minecraft:spruce_planks":60,"minecraft:wooden_pickaxe":1,"minecraft:iron_sword":1,"sophisticatedbackpacks:gold_backpack":1,"minecraft:bucket":2,"minecraft:iron_chestplate":1,"minecraft:stick":28,"minecraft:iron_ingot":19,"minecraft:iron_pickaxe":1,"minecraft:stone_sword":1,"minecraft:iron_leggings":1,"minecraft:torch":80},"minecraft:killed_by":{"born_in_chaos_v1:nightmare_stalker":1,"graveyard:corrupted_vindicator":1,"graveyard:corrupted_pillager":1},"minecraft:dropped":{"minecraft:cobblestone":83,"minecraft:spruce_stairs":3,"minecraft:stick":6,"minecraft:dirt":13,"minecraft:mossy_cobblestone_slab":1,"born_in_chaos_v1:fused_bone":2,"minecraft:iron_leggings":1,"minecraft:iron_pickaxe":1,"minecraft:white_wool":2,"minecraft:coarse_dirt":6,"minecraft:cobbled_deepslate":1,"minecraft:tuff":1,"minecraft:rotten_flesh":3,"minecraft:stone_slab":1,"supplementaries:ash":3,"minecraft:mangrove_log":1,"minecraft:spruce_planks":6,"minecraft:andesite":1,"minecraft:stone_bricks":7,"minecraft:cyan_concrete":1}},"DataVersion":3465}