{"stats":{"minecraft:custom":{"minecraft:interact_with_furnace":7,"minecraft:mob_kills":34,"minecraft:interact_with_crafting_table":10,"minecraft:open_barrel":26,"minecraft:interact_with_loom":1,"minecraft:interact_with_grindstone":1,"minecraft:eat_cake_slice":1,"minecraft:leave_game":3,"minecraft:time_since_death":18366,"minecraft:sleep_in_bed":1,"minecraft:climb_one_cm":570,"minecraft:time_since_rest":17928,"minecraft:sprint_one_cm":192817,"minecraft:damage_taken":1469,"minecraft:walk_one_cm":450545,"minecraft:drop":10,"minecraft:damage_dealt":5577,"minecraft:talked_to_villager":1,"minecraft:swim_one_cm":17188,"minecraft:fly_one_cm":106355,"minecraft:open_chest":30,"minecraft:play_time":109317,"minecraft:crouch_one_cm":3341,"minecraft:sneak_time":2380,"tombstone:undead_killed":10,"minecraft:deaths":2,"minecraft:walk_under_water_one_cm":11739,"minecraft:interact_with_lectern":1,"minecraft:boat_one_cm":45000,"minecraft:jump":1535,"minecraft:interact_with_brewingstand":2,"minecraft:walk_on_water_one_cm":11967,"minecraft:total_world_time":109317,"minecraft:fall_one_cm":34627,"minecraft:horse_one_cm":94238},"minecraft:picked_up":{"born_in_chaos_v1:corpse_maggot":2,"minecraft:crafting_table":3,"minecraft:coarse_dirt":7,"minecraft:mossy_cobblestone_slab":2,"minecraft:feather":1,"minecraft:chicken":2,"minecraft:andesite":1,"minecraft:leather":9,"minecraft:enchanted_book":1,"minecraft:gunpowder":1,"minecraft:lapis_lazuli":35,"minecraft:dirt":2,"minecraft:iron_axe":1,"born_in_chaos_v1:intoxicating_decoction":1,"minecraft:bone":15,"minecraft:stone_bricks":10,"minecraft:cracked_stone_bricks":1,"minecraft:cobbled_deepslate":1,"minecraft:beef":23,"minecraft:cobblestone_slab":1,"minecraft:egg":1,"minecraft:furnace":1,"minecraft:stick":8,"minecraft:raw_iron":39,"scalinghealth:heart_crystal_shard":14,"minecraft:sweet_berries":39,"minecraft:stone_brick_slab":4,"minecraft:torch":3,"alexscaves:uranium":1,"minecraft:spruce_fence":2,"minecraft:porkchop":2,"tombstone:grave_dust":1,"minecraft:spruce_log":9,"minecraft:spider_eye":1,"minecraft:barrel":1,"minecraft:leather_helmet":1,"minecraft:rotten_flesh":3,"minecraft:arrow":6,"minecraft:spruce_boat":3,"minecraft:lodestone":1,"minecraft:mutton":2,"minecraft:coal":122,"minecraft:white_wool":2,"minecraft:cobblestone":282},"minecraft:used":{"minecraft:stone_sword":141,"minecraft:stone_pickaxe":262,"minecraft:wooden_pickaxe":59,"minecraft:iron_sword":37,"minecraft:iron_chestplate":1,"minecraft:torch":53,"minecraft:dirt":2,"minecraft:crafting_table":4,"minecraft:spruce_boat":3,"minecraft:diamond_pickaxe":185,"minecraft:bread":11,"minecraft:iron_pickaxe":109,"minecraft:iron_axe":2,"minecraft:leather_helmet":1,"minecraft:cobblestone":12,"minecraft:sweet_berries":63,"minecraft:furnace":2,"tombstone:gift":2,"minecraft:egg":1,"alexsmobs:animal_dictionary":1,"minecraft:coarse_dirt":2},"minecraft:broken":{"minecraft:stone_pickaxe":2,"minecraft:stone_sword":1,"minecraft:wooden_pickaxe":1},"minecraft:killed":{"minecraft:pig":2,"born_in_chaos_v1:zombie_lumberjack":1,"born_in_chaos_v1:zombie_clown_not_despawn":1,"minecraft:spider":1,"minecraft:zombie_horse":1,"born_in_chaos_v1:decrepit_skeleton":2,"born_in_chaos_v1:maggot":3,"minecraft:skeleton":4,"minecraft:sheep":2,"minecraft:chicken":2,"minecraft:drowned":1,"born_in_chaos_v1:corpse_fish":1,"minecraft:cow":12},"minecraft:mined":{"minecraft:acacia_leaves":3,"minecraft:glass_pane":3,"minecraft:mossy_stone_brick_slab":2,"minecraft:cobbled_deepslate_stairs":1,"minecraft:stone_brick_slab":5,"minecraft:powder_snow":7,"minecraft:crafting_table":3,"minecraft:cornflower":1,"minecraft:torch":2,"minecraft:spruce_fence":2,"minecraft:grass_block":4,"minecraft:soul_soil":2,"minecraft:cobblestone":18,"minecraft:deepslate_coal_ore":1,"minecraft:spruce_leaves":20,"minecraft:lapis_ore":6,"minecraft:spawner":9,"minecraft:birch_planks":1,"alexscaves:radrock_uranium_ore":1,"minecraft:coarse_dirt":8,"minecraft:mossy_cobblestone_slab":2,"minecraft:furnace":1,"minecraft:iron_ore":33,"minecraft:cobbled_deepslate":1,"minecraft:barrel":1,"minecraft:sweet_berry_bush":17,"minecraft:spruce_log":9,"minecraft:andesite":8,"minecraft:cobblestone_slab":2,"graveyard:leaning_skeleton":1,"minecraft:grass":2,"minecraft:acacia_fence":1,"graveyard:creeper_skeleton":1,"minecraft:coal_ore":132,"minecraft:deepslate_iron_ore":6,"minecraft:iron_bars":1,"minecraft:gravel":6,"minecraft:dirt":25,"minecraft:black_candle":1,"minecraft:lodestone":1,"minecraft:cracked_stone_bricks":3,"minecraft:stone":322,"minecraft:stone_bricks":11,"minecraft:mossy_stone_bricks":4,"scalinghealth:heart_crystal_ore":5,"minecraft:oak_leaves":4,"minecraft:deepslate":1,"minecraft:fern":1},"minecraft:killed_by":{"graveyard:corrupted_vindicator":1,"graveyard:corrupted_pillager":1},"minecraft:crafted":{"minecraft:crafting_table":1,"minecraft:spruce_planks":36,"minecraft:wooden_pickaxe":1,"minecraft:iron_sword":1,"minecraft:furnace":1,"minecraft:iron_boots":1,"minecraft:iron_chestplate":1,"minecraft:stick":28,"minecraft:stone_pickaxe":2,"minecraft:iron_ingot":19,"minecraft:iron_pickaxe":1,"minecraft:stone_sword":1,"minecraft:iron_leggings":1,"minecraft:spruce_boat":1,"minecraft:torch":68},"minecraft:dropped":{"minecraft:coarse_dirt":5,"minecraft:cobbled_deepslate":1,"minecraft:stick":6,"minecraft:mossy_cobblestone_slab":1,"minecraft:andesite":1,"minecraft:iron_leggings":1,"minecraft:stone_bricks":7,"minecraft:iron_pickaxe":1,"minecraft:white_wool":2}},"DataVersion":3465}