{"stats":{"minecraft:custom":{"minecraft:mob_kills":40,"minecraft:interact_with_crafting_table":16,"minecraft:open_barrel":31,"minecraft:damage_dealt_resisted":1155,"minecraft:eat_cake_slice":1,"minecraft:leave_game":3,"minecraft:time_since_death":41955,"minecraft:climb_one_cm":916,"minecraft:sprint_one_cm":210081,"minecraft:walk_one_cm":532440,"minecraft:drop":14,"minecraft:talked_to_villager":1,"minecraft:play_time":132906,"minecraft:deaths":2,"minecraft:sneak_time":3125,"minecraft:walk_under_water_one_cm":12837,"minecraft:boat_one_cm":45000,"minecraft:interact_with_lectern":1,"minecraft:jump":1844,"minecraft:interact_with_brewingstand":5,"minecraft:walk_on_water_one_cm":15935,"minecraft:total_world_time":132906,"minecraft:interact_with_furnace":9,"minecraft:interact_with_loom":1,"minecraft:interact_with_grindstone":1,"minecraft:sleep_in_bed":1,"minecraft:time_since_rest":41517,"minecraft:damage_taken":1867,"minecraft:damage_dealt":7327,"minecraft:swim_one_cm":19370,"minecraft:fly_one_cm":121884,"minecraft:open_chest":33,"minecraft:crouch_one_cm":5645,"tombstone:undead_killed":13,"minecraft:fall_one_cm":45833,"minecraft:horse_one_cm":94238},"minecraft:picked_up":{"minecraft:coarse_dirt":7,"minecraft:crafting_table":6,"minecraft:chicken":2,"minecraft:stone_slab":1,"minecraft:enchanted_book":1,"minecraft:string":10,"minecraft:iron_axe":1,"born_in_chaos_v1:intoxicating_decoction":1,"minecraft:cracked_stone_bricks":1,"minecraft:cobbled_deepslate":1,"minecraft:spruce_planks":6,"minecraft:beef":23,"minecraft:cobblestone_slab":1,"minecraft:egg":1,"minecraft:furnace":1,"minecraft:raw_iron":91,"minecraft:stick":8,"minecraft:torch":3,"minecraft:spruce_fence":2,"minecraft:porkchop":2,"tombstone:grave_dust":1,"minecraft:rotten_flesh":3,"minecraft:arrow":6,"minecraft:mutton":2,"minecraft:white_wool":2,"minecraft:cobblestone":292,"born_in_chaos_v1:corpse_maggot":2,"minecraft:mossy_cobblestone_slab":2,"minecraft:feather":1,"minecraft:andesite":1,"minecraft:leather":9,"minecraft:stripped_spruce_wood":3,"minecraft:gunpowder":1,"minecraft:lapis_lazuli":35,"minecraft:dirt":2,"minecraft:bone":15,"minecraft:stone_bricks":10,"scalinghealth:heart_crystal_shard":14,"minecraft:sweet_berries":39,"minecraft:stone_brick_slab":4,"alexscaves:uranium":1,"minecraft:spruce_log":9,"minecraft:barrel":1,"minecraft:spider_eye":1,"minecraft:leather_helmet":1,"minecraft:purple_bed":1,"minecraft:spruce_boat":3,"minecraft:emerald":6,"minecraft:lodestone":1,"minecraft:coal":185},"minecraft:used":{"minecraft:stone_sword":141,"minecraft:iron_sword":112,"minecraft:iron_chestplate":1,"minecraft:torch":60,"minecraft:dirt":2,"minecraft:spruce_boat":3,"minecraft:iron_axe":17,"minecraft:sweet_berries":63,"minecraft:furnace":2,"tombstone:gift":2,"minecraft:egg":1,"minecraft:stone_pickaxe":262,"minecraft:wooden_pickaxe":59,"minecraft:crafting_table":7,"minecraft:diamond_pickaxe":331,"minecraft:bread":21,"minecraft:iron_pickaxe":109,"minecraft:leather_helmet":1,"minecraft:cobblestone":45,"minecraft:bucket":1,"alexsmobs:animal_dictionary":1,"minecraft:coarse_dirt":2},"minecraft:broken":{"minecraft:stone_sword":1,"minecraft:wooden_pickaxe":1,"minecraft:stone_pickaxe":2},"minecraft:killed":{"born_in_chaos_v1:zombie_lumberjack":1,"born_in_chaos_v1:zombie_clown_not_despawn":1,"minecraft:spider":1,"minecraft:zombie_horse":1,"born_in_chaos_v1:maggot":5,"minecraft:skeleton":4,"minecraft:chicken":2,"minecraft:drowned":1,"born_in_chaos_v1:corpse_fish":1,"minecraft:pig":2,"minecraft:zombie_villager":1,"born_in_chaos_v1:decrepit_skeleton":3,"minecraft:sheep":2,"born_in_chaos_v1:door_knight":1,"minecraft:cow":12},"minecraft:mined":{"minecraft:mossy_stone_brick_slab":2,"minecraft:cobbled_deepslate_stairs":1,"minecraft:grass_block":4,"minecraft:spruce_fence":2,"minecraft:soul_soil":2,"minecraft:spruce_leaves":20,"minecraft:spawner":9,"alexscaves:radrock_uranium_ore":1,"minecraft:mossy_cobblestone_slab":2,"minecraft:furnace":1,"minecraft:cobbled_deepslate":1,"minecraft:iron_ore":74,"minecraft:barrel":1,"minecraft:andesite":8,"minecraft:deepslate_iron_ore":19,"minecraft:cobblestone_slab":2,"minecraft:iron_bars":1,"minecraft:black_candle":1,"minecraft:stone":332,"scalinghealth:heart_crystal_ore":5,"minecraft:acacia_leaves":3,"minecraft:glass_pane":3,"minecraft:stone_brick_slab":5,"minecraft:powder_snow":7,"minecraft:crafting_table":6,"minecraft:cornflower":1,"minecraft:torch":3,"minecraft:emerald_ore":5,"minecraft:oak_wood":10,"minecraft:stone_slab":4,"minecraft:cobblestone":18,"minecraft:deepslate_coal_ore":6,"minecraft:lapis_ore":6,"minecraft:oak_planks":2,"minecraft:bricks":3,"minecraft:purple_bed":1,"minecraft:birch_planks":1,"minecraft:coarse_dirt":8,"minecraft:stripped_spruce_wood":3,"minecraft:sweet_berry_bush":17,"minecraft:spruce_log":9,"minecraft:grass":2,"graveyard:creeper_skeleton":1,"minecraft:coal_ore":196,"minecraft:acacia_fence":1,"minecraft:gravel":6,"graveyard:leaning_skeleton":1,"minecraft:dirt":25,"minecraft:lodestone":1,"minecraft:cobweb":11,"minecraft:cracked_stone_bricks":3,"minecraft:stone_bricks":11,"minecraft:mossy_stone_bricks":4,"minecraft:deepslate_emerald_ore":1,"minecraft:oak_leaves":4,"minecraft:deepslate":1,"minecraft:fern":1},"minecraft:killed_by":{"graveyard:corrupted_vindicator":1,"graveyard:corrupted_pillager":1},"minecraft:crafted":{"minecraft:furnace":1,"minecraft:iron_boots":1,"minecraft:stone_pickaxe":2,"minecraft:chest":1,"minecraft:spruce_boat":1,"sophisticatedbackpacks:iron_backpack":1,"sophisticatedbackpacks:backpack":1,"minecraft:crafting_table":2,"minecraft:spruce_planks":48,"minecraft:wooden_pickaxe":1,"minecraft:iron_sword":1,"sophisticatedbackpacks:gold_backpack":1,"minecraft:bucket":2,"minecraft:iron_chestplate":1,"minecraft:stick":28,"minecraft:iron_ingot":19,"minecraft:iron_pickaxe":1,"minecraft:stone_sword":1,"minecraft:iron_leggings":1,"minecraft:torch":68},"minecraft:dropped":{"minecraft:cobblestone":73,"minecraft:stick":6,"minecraft:mossy_cobblestone_slab":1,"minecraft:iron_leggings":1,"minecraft:iron_pickaxe":1,"minecraft:white_wool":2,"minecraft:coarse_dirt":5,"minecraft:cobbled_deepslate":1,"minecraft:stone_slab":1,"minecraft:spruce_planks":6,"minecraft:andesite":1,"minecraft:stone_bricks":7}},"DataVersion":3465}