{"stats":{"minecraft:broken":{"minecraft:stone_pickaxe":2,"minecraft:wooden_pickaxe":1},"minecraft:crafted":{"minecraft:crafting_table":1,"minecraft:spruce_planks":36,"minecraft:wooden_pickaxe":1,"minecraft:furnace":1,"minecraft:iron_chestplate":1,"minecraft:stick":20,"minecraft:iron_ingot":19,"minecraft:stone_pickaxe":2,"minecraft:iron_pickaxe":1,"minecraft:stone_sword":1,"minecraft:iron_leggings":1,"minecraft:spruce_boat":1,"minecraft:torch":28},"minecraft:used":{"minecraft:stone_sword":44,"minecraft:stone_pickaxe":262,"minecraft:wooden_pickaxe":59,"minecraft:iron_chestplate":1,"minecraft:torch":23,"minecraft:dirt":2,"minecraft:crafting_table":3,"minecraft:spruce_boat":1,"minecraft:iron_pickaxe":35,"minecraft:leather_helmet":1,"minecraft:sweet_berries":6,"minecraft:furnace":1,"alexsmobs:animal_dictionary":1,"minecraft:coarse_dirt":2},"minecraft:dropped":{"minecraft:coarse_dirt":5,"minecraft:cobbled_deepslate":1},"minecraft:mined":{"minecraft:powder_snow":7,"minecraft:crafting_table":3,"minecraft:torch":2,"minecraft:grass_block":1,"minecraft:cobblestone":11,"minecraft:deepslate_coal_ore":1,"minecraft:spruce_leaves":6,"minecraft:lapis_ore":6,"minecraft:birch_planks":1,"minecraft:coarse_dirt":8,"minecraft:furnace":1,"minecraft:iron_ore":26,"minecraft:cobbled_deepslate":1,"minecraft:sweet_berry_bush":17,"minecraft:spruce_log":9,"minecraft:coal_ore":121,"minecraft:deepslate_iron_ore":6,"minecraft:dirt":1,"minecraft:stone":176,"minecraft:oak_leaves":2,"scalinghealth:heart_crystal_ore":5,"minecraft:fern":1},"minecraft:killed":{"minecraft:pig":2,"minecraft:sheep":2,"minecraft:chicken":2},"minecraft:custom":{"minecraft:interact_with_furnace":5,"minecraft:mob_kills":7,"minecraft:interact_with_crafting_table":9,"minecraft:time_since_death":40365,"minecraft:time_since_rest":40365,"minecraft:sprint_one_cm":33267,"minecraft:damage_taken":113,"minecraft:walk_one_cm":219485,"minecraft:drop":2,"minecraft:damage_dealt":733,"minecraft:fly_one_cm":7190,"minecraft:open_chest":2,"minecraft:crouch_one_cm":1859,"minecraft:play_time":40365,"minecraft:sneak_time":1456,"minecraft:walk_under_water_one_cm":628,"minecraft:boat_one_cm":13905,"minecraft:jump":560,"minecraft:walk_on_water_one_cm":729,"minecraft:total_world_time":40365,"minecraft:fall_one_cm":8899},"minecraft:picked_up":{"minecraft:crafting_table":3,"minecraft:coarse_dirt":7,"minecraft:feather":1,"minecraft:chicken":2,"minecraft:gunpowder":1,"minecraft:lapis_lazuli":35,"minecraft:dirt":2,"minecraft:bone":2,"minecraft:cobbled_deepslate":1,"minecraft:furnace":1,"minecraft:raw_iron":32,"scalinghealth:heart_crystal_shard":5,"minecraft:sweet_berries":39,"minecraft:torch":3,"minecraft:porkchop":2,"minecraft:spruce_log":9,"minecraft:leather_helmet":1,"minecraft:spruce_boat":1,"minecraft:mutton":2,"minecraft:coal":122,"minecraft:white_wool":2,"minecraft:cobblestone":186}},"DataVersion":3465}