{"stats":{"minecraft:used":{"minecraft:leather_helmet":1,"alexsmobs:animal_dictionary":1},"minecraft:mined":{"minecraft:spruce_log":9,"minecraft:spruce_leaves":6},"minecraft:custom":{"minecraft:jump":31,"minecraft:open_chest":2,"minecraft:time_since_rest":4365,"minecraft:damage_taken":20,"minecraft:sprint_one_cm":14558,"minecraft:play_time":4365,"minecraft:time_since_death":4365,"minecraft:walk_one_cm":19651,"minecraft:total_world_time":4365,"minecraft:fall_one_cm":627,"minecraft:fly_one_cm":1878},"minecraft:picked_up":{"minecraft:spruce_log":9,"minecraft:leather_helmet":1}},"DataVersion":3465}