{"stats":{"minecraft:killed":{"minecraft:cave_spider":26,"graveyard:skeleton_creeper":1,"born_in_chaos_v1:zombie_lumberjack":3,"born_in_chaos_v1:zombie_clown_not_despawn":1,"minecraft:spider":20,"born_in_chaos_v1:siamese_skeletonsright":2,"minecraft:zombie_horse":1,"born_in_chaos_v1:maggot":8,"minecraft:skeleton":22,"minecraft:chicken":2,"minecraft:drowned":1,"born_in_chaos_v1:corpse_fish":1,"born_in_chaos_v1:supreme_bonescaller_stage_2":1,"minecraft:pig":2,"born_in_chaos_v1:bone_imp_minion":5,"minecraft:zombie_villager":2,"creeperoverhaul:spruce_creeper":1,"born_in_chaos_v1:decrepit_skeleton":4,"minecraft:sheep":2,"minecraft:zombie":5,"born_in_chaos_v1:dread_hound":2,"born_in_chaos_v1:door_knight":1,"minecraft:wither_skeleton":90,"born_in_chaos_v1:siamese_skeletonsleft":2,"minecraft:cow":12},"minecraft:picked_up":{"minecraft:crafting_table":9,"minecraft:coarse_dirt":8,"minecraft:wheat":25,"minecraft:chicken":2,"born_in_chaos_v1:seedof_chaos":3,"minecraft:stone_slab":1,"minecraft:diamond_sword":11,"minecraft:enchanted_book":1,"minecraft:string":47,"minecraft:iron_axe":1,"born_in_chaos_v1:intoxicating_decoction":1,"minecraft:cyan_carpet":64,"minecraft:blue_orchid":1,"minecraft:cracked_stone_bricks":1,"minecraft:cobbled_deepslate":1,"minecraft:spruce_planks":8,"minecraft:beef":23,"minecraft:rose_bush":1,"minecraft:cobblestone_slab":1,"minecraft:smooth_quartz":31,"minecraft:mangrove_log":1,"minecraft:furnace":1,"minecraft:egg":1,"minecraft:stick":8,"minecraft:raw_iron":91,"born_in_chaos_v1:shattered_skull":1,"minecraft:torch":40,"minecraft:spruce_stairs":3,"minecraft:porkchop":2,"minecraft:spruce_fence":6,"tombstone:grave_dust":27,"minecraft:dark_oak_planks":1,"minecraft:rotten_flesh":10,"minecraft:arrow":46,"supplementaries:ash":12,"minecraft:mutton":2,"minecraft:white_wool":2,"minecraft:cobblestone":310,"born_in_chaos_v1:fused_bone":4,"born_in_chaos_v1:corpse_maggot":3,"minecraft:mossy_cobblestone_slab":2,"minecraft:feather":1,"born_in_chaos_v1:monster_flesh":2,"born_in_chaos_v1:spiritual_dust":5,"minecraft:andesite":1,"minecraft:leather":9,"minecraft:tuff":1,"minecraft:stripped_spruce_wood":3,"scalinghealth:bandages":6,"minecraft:gunpowder":1,"minecraft:wither_skeleton_skull":3,"scalinghealth:heart_crystal":5,"minecraft:lapis_lazuli":35,"minecraft:dirt":15,"born_in_chaos_v1:monster_skin":1,"minecraft:bone":139,"minecraft:stone_bricks":10,"minecraft:wheat_seeds":68,"minecraft:iron_ingot":1,"scalinghealth:power_crystal_shard":13,"minecraft:cyan_concrete":1,"scalinghealth:heart_crystal_shard":14,"minecraft:sweet_berries":39,"minecraft:stone_brick_slab":4,"born_in_chaos_v1:orbofthe_summoner":1,"alexscaves:uranium":1,"minecraft:spruce_log":13,"minecraft:spider_eye":10,"minecraft:barrel":1,"minecraft:leather_helmet":1,"minecraft:dark_prismarine":530,"minecraft:bundle":1,"minecraft:purple_bed":9,"minecraft:diamond":5,"minecraft:spruce_boat":3,"minecraft:emerald":13,"minecraft:lodestone":1,"tombstone:magic_scroll":1,"minecraft:coal":207},"minecraft:mined":{"minecraft:dark_oak_planks":3,"minecraft:dark_prismarine":553,"minecraft:diamond_ore":5,"minecraft:tuff":1,"minecraft:spruce_planks":4,"minecraft:cobbled_deepslate_stairs":1,"minecraft:mossy_stone_brick_slab":2,"minecraft:grass_block":6,"minecraft:spruce_fence":8,"minecraft:soul_soil":2,"minecraft:spruce_leaves":20,"minecraft:spawner":26,"alexscaves:radrock_uranium_ore":1,"minecraft:mossy_cobblestone_slab":2,"minecraft:furnace":1,"minecraft:iron_ore":74,"minecraft:cobbled_deepslate":1,"minecraft:fire":24,"minecraft:barrel":1,"minecraft:andesite":8,"minecraft:cobblestone_slab":2,"minecraft:cyan_concrete":1,"minecraft:deepslate_iron_ore":19,"minecraft:oak_stairs":1,"minecraft:iron_bars":1,"minecraft:black_candle":1,"minecraft:stone":349,"scalinghealth:heart_crystal_ore":5,"minecraft:acacia_leaves":3,"minecraft:glass_pane":3,"minecraft:stone_brick_slab":5,"minecraft:powder_snow":7,"minecraft:crafting_table":9,"minecraft:cornflower":1,"minecraft:torch":35,"minecraft:emerald_ore":12,"minecraft:oak_wood":10,"minecraft:rose_bush":2,"minecraft:stone_slab":4,"minecraft:cobblestone":20,"minecraft:deepslate_coal_ore":6,"minecraft:lapis_ore":6,"minecraft:oak_planks":2,"minecraft:bricks":3,"minecraft:wall_torch":4,"minecraft:spruce_stairs":1,"minecraft:purple_bed":9,"minecraft:birch_planks":1,"minecraft:coarse_dirt":9,"minecraft:stripped_spruce_wood":3,"minecraft:sweet_berry_bush":17,"minecraft:wheat":50,"minecraft:spruce_log":12,"minecraft:grass":2,"graveyard:creeper_skeleton":1,"minecraft:coal_ore":200,"minecraft:acacia_fence":1,"minecraft:cyan_carpet":121,"minecraft:smooth_quartz":31,"minecraft:gravel":6,"graveyard:leaning_skeleton":1,"minecraft:dirt":40,"minecraft:lodestone":1,"minecraft:cobweb":17,"minecraft:cracked_stone_bricks":3,"minecraft:stone_bricks":11,"minecraft:mossy_stone_bricks":4,"minecraft:deepslate_emerald_ore":1,"minecraft:oak_leaves":4,"minecraft:deepslate":1,"minecraft:fern":1},"minecraft:custom":{"minecraft:mob_kills":221,"minecraft:interact_with_crafting_table":21,"minecraft:open_barrel":31,"minecraft:damage_dealt_resisted":17976,"minecraft:eat_cake_slice":1,"minecraft:leave_game":7,"minecraft:time_since_death":145826,"minecraft:climb_one_cm":2919,"minecraft:sprint_one_cm":380645,"minecraft:walk_one_cm":1099770,"minecraft:drop":63,"minecraft:talked_to_villager":1,"minecraft:play_time":279937,"minecraft:sneak_time":25430,"minecraft:deaths":3,"minecraft:walk_under_water_one_cm":13983,"minecraft:interact_with_lectern":1,"minecraft:boat_one_cm":45000,"minecraft:jump":3100,"minecraft:interact_with_brewingstand":5,"minecraft:walk_on_water_one_cm":16446,"minecraft:total_world_time":279937,"minecraft:interact_with_furnace":9,"minecraft:interact_with_loom":1,"minecraft:interact_with_grindstone":1,"minecraft:sleep_in_bed":4,"minecraft:time_since_rest":19096,"minecraft:damage_taken":4539,"minecraft:damage_dealt":64715,"tombstone:cast_on_ally":0,"minecraft:swim_one_cm":24963,"minecraft:fly_one_cm":229932,"minecraft:open_chest":85,"minecraft:crouch_one_cm":45418,"tombstone:undead_killed":141,"minecraft:fall_one_cm":63678,"minecraft:horse_one_cm":94238},"minecraft:used":{"minecraft:stone_sword":141,"minecraft:iron_sword":116,"tombstone:scroll_of_purification":2,"minecraft:iron_chestplate":1,"minecraft:torch":201,"minecraft:dirt":2,"scalinghealth:heart_crystal":6,"minecraft:spruce_boat":3,"minecraft:lava_bucket":105,"minecraft:iron_axe":20,"minecraft:smooth_quartz":3,"scalinghealth:power_crystal":1,"minecraft:bow":51,"minecraft:sweet_berries":63,"minecraft:furnace":2,"tombstone:gift":4,"minecraft:egg":1,"minecraft:stone_pickaxe":262,"minecraft:wooden_pickaxe":59,"minecraft:crafting_table":10,"minecraft:dark_prismarine":475,"minecraft:diamond_pickaxe":998,"minecraft:iron_pickaxe":109,"minecraft:cyan_carpet":9,"minecraft:bread":66,"minecraft:leather_helmet":1,"minecraft:purple_bed":8,"minecraft:diamond_sword":1100,"minecraft:cobblestone":109,"minecraft:potion":1,"minecraft:bucket":106,"alexsmobs:animal_dictionary":1,"minecraft:coarse_dirt":2,"minecraft:experience_bottle":201},"minecraft:broken":{"minecraft:stone_sword":1,"minecraft:wooden_pickaxe":1,"minecraft:stone_pickaxe":2},"minecraft:dropped":{"minecraft:cobblestone":91,"minecraft:spruce_stairs":3,"minecraft:stick":6,"born_in_chaos_v1:monster_flesh":2,"minecraft:dirt":13,"minecraft:mossy_cobblestone_slab":1,"born_in_chaos_v1:monster_skin":1,"minecraft:rose_bush":1,"minecraft:smooth_quartz":18,"born_in_chaos_v1:fused_bone":2,"minecraft:iron_leggings":1,"minecraft:iron_pickaxe":1,"minecraft:white_wool":2,"minecraft:cyan_carpet":52,"minecraft:bone":5,"minecraft:coarse_dirt":6,"minecraft:cobbled_deepslate":1,"minecraft:tuff":1,"minecraft:rotten_flesh":7,"minecraft:stone_slab":1,"minecraft:spruce_fence":4,"minecraft:diamond_sword":10,"supplementaries:ash":3,"minecraft:mangrove_log":1,"minecraft:bundle":1,"minecraft:spruce_planks":6,"minecraft:andesite":1,"born_in_chaos_v1:corpse_maggot":1,"minecraft:stone_bricks":7,"minecraft:cyan_concrete":1},"minecraft:crafted":{"minecraft:furnace":1,"minecraft:iron_boots":1,"minecraft:stone_pickaxe":2,"minecraft:chest":1,"minecraft:spruce_boat":1,"scalinghealth:power_crystal":1,"sophisticatedbackpacks:iron_backpack":1,"sophisticatedbackpacks:backpack":1,"minecraft:crafting_table":2,"minecraft:spruce_planks":60,"minecraft:wooden_pickaxe":1,"minecraft:iron_sword":1,"sophisticatedbackpacks:gold_backpack":1,"scalinghealth:heart_crystal":1,"minecraft:bucket":2,"minecraft:iron_chestplate":1,"sophisticatedbackpacks:diamond_backpack":1,"minecraft:stick":52,"minecraft:iron_ingot":19,"minecraft:iron_pickaxe":1,"minecraft:stone_sword":1,"minecraft:iron_leggings":1,"minecraft:torch":176},"minecraft:killed_by":{"born_in_chaos_v1:nightmare_stalker":1,"graveyard:corrupted_vindicator":1,"graveyard:corrupted_pillager":1}},"DataVersion":3465}