{"stats":{"minecraft:killed":{"alexsmobs:hummingbird":1,"born_in_chaos_v1:restless_spirit":1,"born_in_chaos_v1:zombie_lumberjack":1,"minecraft:spider":5,"graveyard:wraith":2,"minecraft:skeleton":22,"minecraft:chicken":4,"minecraft:illusioner":1,"born_in_chaos_v1:firelight_not_despawn":2,"artifacts:mimic":3,"enderzoology:fallen_knight":2,"minecraft:pig":16,"minecraft:salmon":1,"minecraft:creeper":1,"minecraft:sheep":2,"minecraft:zombie":29,"born_in_chaos_v1:dread_hound":7,"born_in_chaos_v1:corpse_fly":3,"minecraft:stray":1,"born_in_chaos_v1:door_knight":1,"minecraft:cow":6,"born_in_chaos_v1:zombie_bruiser":1,"born_in_chaos_v1:maggot":8,"born_in_chaos_v1:barrel_zombie":1,"born_in_chaos_v1:baby_skeleton":2,"born_in_chaos_v1:swarmer":1,"born_in_chaos_v1:decrepit_skeleton":4},"minecraft:picked_up":{"minecraft:seagrass":1,"minecraft:smithing_table":2,"minecraft:stone_slab":1,"minecraft:enchanted_book":3,"minecraft:amethyst_block":16,"minecraft:string":7,"minecraft:raw_copper":76,"minecraft:armor_stand":1,"minecraft:deepslate_tiles":4,"minecraft:cobbled_deepslate":724,"minecraft:spruce_planks":12,"minecraft:redstone_torch":1,"minecraft:calcite":8,"minecraft:deepslate_tile_wall":1,"irons_spellbooks:inscription_table":1,"minecraft:furnace":2,"minecraft:stick":44,"minecraft:polished_deepslate_stairs":1,"minecraft:torch":19,"minecraft:acacia_log":7,"minecraft:porkchop":25,"minecraft:cherry_log":216,"tombstone:grave_dust":3,"minecraft:pointed_dripstone":3,"minecraft:diorite":51,"minecraft:deepslate_tile_stairs":1,"minecraft:honey_bottle":1,"minecraft:rotten_flesh":31,"supplementaries:ash":1,"minecraft:deepslate_brick_stairs":1,"minecraft:cobblestone":1841,"minecraft:pink_petals":390,"minecraft:feather":2,"minecraft:cherry_planks":21,"minecraft:cherry_leaves":157,"minecraft:jungle_log":3,"minecraft:smoker":2,"artifacts:thorn_pendant":1,"minecraft:flint":14,"minecraft:tuff":125,"minecraft:cherry_fence":5,"minecraft:lantern":1,"minecraft:dirt":1366,"minecraft:map":4,"minecraft:lapis_lazuli":60,"born_in_chaos_v1:monster_skin":2,"minecraft:leather_boots":1,"minecraft:bone":22,"minecraft:cobbled_deepslate_wall":1,"minecraft:wheat_seeds":66,"minecraft:raw_gold":4,"minecraft:cobbled_deepslate_slab":1,"minecraft:bamboo":84,"minecraft:moss_block":1,"minecraft:cooked_porkchop":2,"irons_spellbooks:frozen_bone":5,"minecraft:mossy_cobblestone":3,"born_in_chaos_v1:fire_dust":2,"minecraft:diamond":21,"minecraft:grass":2,"minecraft:spruce_sign":6,"minecraft:bread":56,"minecraft:emerald":9,"minecraft:cherry_slab":4,"minecraft:andesite_slab":1,"minecraft:charcoal":8,"minecraft:crafting_table":5,"minecraft:chicken":6,"minecraft:leather_leggings":1,"friendsandfoes:totem_of_illusion":1,"minecraft:wooden_pickaxe":1,"minecraft:shield":1,"minecraft:white_carpet":7,"minecraft:blackstone":2,"minecraft:candle":1,"minecraft:beef":15,"minecraft:oak_boat":2,"minecraft:chest":1,"minecraft:raw_iron":42,"minecraft:cherry_stairs":4,"sophisticatedbackpacks:backpack":1,"minecraft:carrot":4,"minecraft:arrow":13,"artifacts:snowshoes":1,"minecraft:hay_block":1,"born_in_chaos_v1:spiny_shell":1,"tombstone:essence_of_undeath":2,"minecraft:mutton":3,"minecraft:white_wool":4,"born_in_chaos_v1:corpse_maggot":7,"artifacts:eternal_steak":1,"born_in_chaos_v1:monster_flesh":5,"artifacts:digging_claws":1,"minecraft:leather":4,"minecraft:oak_log":10,"minecraft:cobblestone_stairs":1,"scalinghealth:heart_crystal":2,"minecraft:paper":2,"tombstone:gift":2,"alexsmobs:cockroach_wing_fragment":1,"minecraft:iron_ingot":27,"born_in_chaos_v1:smoked_flesh":3,"minecraft:stone_pickaxe":2,"scalinghealth:power_crystal_shard":15,"minecraft:polished_andesite_slab":1,"minecraft:book":18,"scalinghealth:heart_crystal_shard":4,"minecraft:smooth_basalt":7,"born_in_chaos_v1:ethereal_spirit":3,"minecraft:raw_iron_block":2,"minecraft:dripstone_block":10,"minecraft:gravel":110,"minecraft:blast_furnace":2,"minecraft:white_bed":5,"minecraft:spruce_log":10,"illagerinvasion:illusionary_dust":1,"minecraft:leather_helmet":1,"minecraft:cherry_sapling":91,"tombstone:magic_scroll":2,"minecraft:coal":491,"minecraft:ender_pearl":1},"minecraft:mined":{"minecraft:large_amethyst_bud":1,"minecraft:spruce_planks":12,"minecraft:white_bed":5,"minecraft:cobblestone_stairs":1,"minecraft:cherry_log":218,"minecraft:acacia_log":7,"minecraft:deepslate_tile_wall":1,"minecraft:grass_block":613,"minecraft:deepslate_tile_stairs":2,"minecraft:raw_iron_block":2,"minecraft:iron_ore":24,"minecraft:pointed_dripstone":1,"minecraft:deepslate_brick_stairs":2,"minecraft:polished_deepslate_stairs":1,"minecraft:smoker":1,"minecraft:powder_snow":32,"born_in_chaos_v1:infected_deepslate_diamond_ore":1,"minecraft:torch":3,"minecraft:blast_furnace":2,"minecraft:chest":1,"minecraft:cobblestone":76,"minecraft:wall_torch":8,"minecraft:amethyst_block":11,"minecraft:cherry_slab":4,"minecraft:pink_petals":98,"minecraft:cherry_fence":5,"minecraft:stone_brick_stairs":1,"minecraft:grass":229,"minecraft:cracked_deepslate_tiles":5,"minecraft:oak_log":7,"minecraft:dirt":798,"minecraft:deepslate":131,"minecraft:deepslate_tiles":2,"minecraft:tuff":40,"minecraft:deepslate_diamond_ore":5,"minecraft:candle":1,"minecraft:cherry_sapling":14,"minecraft:cobbled_deepslate_slab":1,"minecraft:polished_andesite_slab":1,"minecraft:spruce_leaves":2,"minecraft:moss_block":1,"minecraft:furnace":2,"minecraft:bookshelf":6,"minecraft:deepslate_iron_ore":14,"minecraft:vine":1,"minecraft:bamboo":5,"minecraft:bamboo_sapling":3,"minecraft:stone":309,"minecraft:cherry_stairs":4,"scalinghealth:heart_crystal_ore":1,"minecraft:podzol":55,"minecraft:smithing_table":1,"minecraft:cherry_planks":21,"minecraft:crafting_table":5,"minecraft:cobbled_deepslate_wall":1,"minecraft:emerald_ore":1,"minecraft:andesite_slab":2,"minecraft:campfire":2,"minecraft:stone_slab":1,"minecraft:tall_grass":22,"minecraft:copper_ore":2,"minecraft:deepslate_coal_ore":15,"minecraft:lapis_ore":8,"minecraft:deepslate_gold_ore":1,"minecraft:diorite":39,"supplementaries:urn":6,"minecraft:white_carpet":1,"minecraft:spruce_log":9,"minecraft:birch_leaves":4,"minecraft:coal_ore":272,"minecraft:cherry_leaves":191,"minecraft:gravel":134,"minecraft:dripstone_block":14,"minecraft:cobweb":4,"minecraft:mossy_stone_bricks":1,"minecraft:fern":24},"minecraft:custom":{"minecraft:animals_bred":1,"minecraft:interact_with_crafting_table":82,"minecraft:open_barrel":49,"goblintraders:trade_with_goblin":1,"minecraft:eat_cake_slice":9,"minecraft:leave_game":15,"minecraft:time_since_death":301572,"minecraft:sprint_one_cm":2497491,"minecraft:damage_blocked_by_shield":2354,"minecraft:drop":36,"minecraft:talked_to_villager":2,"minecraft:play_time":715489,"minecraft:deaths":8,"minecraft:jump":10005,"minecraft:interact_with_brewingstand":1,"minecraft:walk_on_water_one_cm":161426,"minecraft:interact_with_furnace":28,"minecraft:sleep_in_bed":23,"minecraft:damage_dealt":28567,"minecraft:crouch_one_cm":31944,"tombstone:undead_killed":67,"minecraft:interact_with_smoker":20,"minecraft:interact_with_smithing_table":2,"minecraft:mob_kills":135,"minecraft:damage_dealt_resisted":2674,"minecraft:climb_one_cm":15453,"minecraft:walk_one_cm":1845267,"minecraft:damage_dealt_absorbed":130,"minecraft:sneak_time":12280,"minecraft:walk_under_water_one_cm":14064,"minecraft:boat_one_cm":147060,"minecraft:interact_with_blast_furnace":6,"minecraft:total_world_time":715489,"tombstone:raider_killed":1,"minecraft:time_since_rest":1363,"minecraft:damage_taken":9622,"minecraft:swim_one_cm":69101,"minecraft:fly_one_cm":1576024,"minecraft:open_chest":180,"minecraft:fall_one_cm":231211},"minecraft:used":{"minecraft:cherry_sapling":57,"minecraft:iron_shovel":297,"minecraft:chest":6,"minecraft:shield":62,"minecraft:iron_sword":510,"minecraft:tuff":2,"born_in_chaos_v1:smoked_flesh":2,"friendsandfoes:totem_of_illusion":1,"minecraft:iron_helmet":1,"minecraft:cherry_leaves":91,"minecraft:furnace":3,"minecraft:diorite":48,"minecraft:stone_pickaxe":369,"minecraft:wooden_pickaxe":50,"artifacts:eternal_steak":12,"minecraft:blast_furnace":1,"minecraft:shears":172,"minecraft:bread":85,"tombstone:grave_key":1,"minecraft:gravel":6,"minecraft:polished_andesite_slab":1,"minecraft:diamond_sword":170,"minecraft:oak_boat":2,"minecraft:bone_meal":69,"minecraft:spruce_planks":12,"minecraft:cooked_chicken":5,"minecraft:torch":62,"minecraft:dirt":699,"scalinghealth:heart_crystal":2,"minecraft:wooden_axe":20,"minecraft:iron_axe":253,"minecraft:cherry_slab":180,"minecraft:bamboo":37,"tombstone:gift":5,"minecraft:cooked_beef":8,"minecraft:cobbled_deepslate":27,"minecraft:cherry_fence":39,"minecraft:cherry_log":26,"minecraft:calcite":8,"minecraft:water_bucket":212,"minecraft:cobblestone_stairs":113,"minecraft:andesite_slab":1,"minecraft:cherry_planks":227,"minecraft:spruce_sign":6,"minecraft:crafting_table":12,"justhammers:diamond_hammer":192,"minecraft:white_bed":6,"minecraft:smoker":3,"justhammers:iron_hammer":274,"minecraft:diamond_pickaxe":326,"minecraft:apple":5,"minecraft:diamond_shovel":1151,"minecraft:cherry_door":2,"minecraft:iron_pickaxe":252,"minecraft:stone_axe":100,"minecraft:pink_petals":188,"minecraft:cobblestone":756,"minecraft:cherry_stairs":113,"minecraft:cooked_porkchop":9,"minecraft:bucket":213},"minecraft:broken":{"minecraft:iron_shovel":1,"minecraft:iron_boots":1,"minecraft:iron_chestplate":1,"minecraft:iron_sword":1,"minecraft:iron_axe":1,"minecraft:iron_pickaxe":1},"minecraft:dropped":{"minecraft:moss_block":1,"minecraft:leather_helmet":1,"born_in_chaos_v1:monster_flesh":1,"minecraft:dirt":6,"minecraft:white_wool":1,"minecraft:bone":4,"minecraft:armor_stand":1,"minecraft:gravel":49,"minecraft:cobbled_deepslate":12,"minecraft:rotten_flesh":1,"minecraft:carrot":1,"minecraft:deepslate_tiles":4,"minecraft:charcoal":4,"minecraft:jungle_log":1,"minecraft:wheat_seeds":18,"minecraft:mossy_cobblestone":3,"minecraft:dripstone_block":10,"minecraft:iron_helmet":1,"minecraft:cobblestone":2,"minecraft:map":4,"minecraft:string":1,"minecraft:tuff":21,"minecraft:shield":1,"alexsmobs:cockroach_wing_fragment":1,"minecraft:redstone_torch":1,"minecraft:stone_pickaxe":5,"minecraft:wooden_pickaxe":1},"minecraft:crafted":{"minecraft:oak_planks":36,"minecraft:cherry_slab":180,"minecraft:cooked_chicken":5,"minecraft:cobblestone_stairs":116,"minecraft:diamond_shovel":1,"minecraft:iron_boots":1,"tombstone:grave_key":1,"justhammers:diamond_hammer":1,"minecraft:chest":6,"minecraft:cherry_fence":36,"minecraft:smoker":3,"sophisticatedbackpacks:backpack":1,"minecraft:cooked_porkchop":16,"minecraft:crafting_table":7,"minecraft:spruce_planks":56,"minecraft:wooden_pickaxe":1,"minecraft:iron_helmet":1,"minecraft:iron_chestplate":1,"minecraft:stick":44,"born_in_chaos_v1:smoked_flesh":5,"minecraft:iron_ingot":70,"minecraft:iron_pickaxe":1,"minecraft:gold_ingot":3,"minecraft:shears":1,"minecraft:cherry_planks":564,"minecraft:raw_iron":18,"minecraft:furnace":4,"minecraft:bone_meal":69,"minecraft:iron_axe":1,"minecraft:cherry_stairs":112,"minecraft:stone_pickaxe":5,"minecraft:wheat":171,"minecraft:cooked_beef":8,"minecraft:diamond_sword":1,"minecraft:iron_sword":1,"minecraft:bucket":1,"minecraft:stone_axe":1,"minecraft:bread":57,"minecraft:air":0,"minecraft:oak_boat":1,"justhammers:iron_hammer":5,"minecraft:wooden_axe":1,"minecraft:iron_shovel":1,"minecraft:cherry_door":3,"minecraft:iron_leggings":1,"minecraft:white_bed":1,"minecraft:torch":44},"minecraft:killed_by":{"alexsmobs:murmur_head":1,"enderzoology:fallen_knight":2,"minecraft:zombie":3,"alexsmobs:tiger":1}},"DataVersion":3465}