{"stats":{"minecraft:crafted":{"minecraft:cherry_planks":20,"minecraft:oak_planks":28,"minecraft:raw_iron":18,"sophisticatedbackpacks:backpack":1,"minecraft:cooked_porkchop":5,"minecraft:crafting_table":5,"minecraft:spruce_planks":12,"minecraft:wooden_pickaxe":1,"minecraft:iron_helmet":1,"minecraft:iron_sword":1,"minecraft:furnace":3,"minecraft:stone_axe":1,"minecraft:air":0,"minecraft:oak_boat":1,"minecraft:iron_chestplate":1,"minecraft:stick":20,"born_in_chaos_v1:smoked_flesh":5,"minecraft:iron_ingot":14,"minecraft:stone_pickaxe":5,"minecraft:iron_pickaxe":1,"minecraft:wooden_axe":1,"minecraft:chest":1,"minecraft:iron_leggings":1,"minecraft:white_bed":1,"minecraft:torch":4,"minecraft:smoker":1},"minecraft:used":{"minecraft:cherry_sapling":1,"minecraft:diorite":48,"minecraft:stone_pickaxe":369,"minecraft:wooden_pickaxe":50,"minecraft:shield":12,"minecraft:iron_sword":86,"minecraft:spruce_sign":2,"minecraft:torch":4,"minecraft:dirt":1,"scalinghealth:heart_crystal":1,"minecraft:crafting_table":10,"minecraft:white_bed":5,"minecraft:tuff":2,"minecraft:smoker":1,"minecraft:wooden_axe":20,"born_in_chaos_v1:smoked_flesh":2,"minecraft:apple":1,"friendsandfoes:totem_of_illusion":1,"minecraft:bread":18,"minecraft:iron_pickaxe":54,"minecraft:iron_helmet":1,"minecraft:stone_axe":38,"minecraft:cobblestone":25,"minecraft:furnace":3,"minecraft:cooked_porkchop":7,"minecraft:oak_boat":2},"minecraft:dropped":{"minecraft:moss_block":1,"minecraft:leather_helmet":1,"alexsmobs:cockroach_wing_fragment":1,"minecraft:charcoal":4,"minecraft:redstone_torch":1,"minecraft:wooden_pickaxe":1,"minecraft:stone_pickaxe":5,"minecraft:white_wool":1,"minecraft:armor_stand":1},"minecraft:killed":{"minecraft:pig":10,"minecraft:spider":1,"born_in_chaos_v1:decrepit_skeleton":1,"minecraft:sheep":2,"minecraft:skeleton":1,"minecraft:zombie":5,"minecraft:chicken":4,"born_in_chaos_v1:corpse_fly":1,"minecraft:illusioner":1,"born_in_chaos_v1:firelight_not_despawn":2,"minecraft:cow":3},"minecraft:mined":{"minecraft:tuff":37,"minecraft:white_bed":5,"minecraft:cherry_log":2,"minecraft:powder_snow":32,"minecraft:crafting_table":5,"minecraft:emerald_ore":1,"minecraft:grass_block":1,"minecraft:campfire":2,"minecraft:tall_grass":2,"minecraft:copper_ore":2,"minecraft:cobblestone":8,"minecraft:deepslate_coal_ore":15,"minecraft:spruce_leaves":2,"minecraft:lapis_ore":8,"minecraft:moss_block":1,"minecraft:diorite":39,"minecraft:raw_iron_block":2,"minecraft:furnace":1,"minecraft:iron_ore":19,"minecraft:white_carpet":1,"minecraft:spruce_log":3,"minecraft:birch_leaves":4,"minecraft:stone_brick_stairs":1,"minecraft:grass":16,"minecraft:oak_log":7,"minecraft:coal_ore":166,"minecraft:dirt":3,"minecraft:cobweb":3,"minecraft:stone":166,"minecraft:fern":1,"scalinghealth:heart_crystal_ore":1},"minecraft:custom":{"minecraft:interact_with_furnace":23,"minecraft:mob_kills":36,"tombstone:raider_killed":1,"minecraft:interact_with_crafting_table":22,"minecraft:open_barrel":28,"minecraft:leave_game":6,"minecraft:time_since_death":70801,"minecraft:sleep_in_bed":5,"minecraft:climb_one_cm":6464,"minecraft:time_since_rest":2348,"minecraft:sprint_one_cm":570918,"minecraft:damage_taken":1627,"minecraft:walk_one_cm":313352,"minecraft:damage_blocked_by_shield":992,"minecraft:drop":13,"minecraft:damage_dealt":4539,"minecraft:swim_one_cm":37721,"minecraft:fly_one_cm":347521,"minecraft:open_chest":13,"minecraft:crouch_one_cm":2047,"minecraft:play_time":149252,"tombstone:undead_killed":7,"minecraft:deaths":1,"minecraft:sneak_time":967,"minecraft:walk_under_water_one_cm":3593,"minecraft:boat_one_cm":147060,"minecraft:interact_with_brewingstand":1,"minecraft:jump":2451,"minecraft:walk_on_water_one_cm":9103,"minecraft:interact_with_smoker":5,"minecraft:total_world_time":149252,"minecraft:fall_one_cm":44574},"minecraft:picked_up":{"minecraft:charcoal":8,"minecraft:crafting_table":5,"minecraft:feather":2,"minecraft:chicken":6,"minecraft:leather_leggings":1,"minecraft:leather":2,"friendsandfoes:totem_of_illusion":1,"minecraft:wooden_pickaxe":1,"minecraft:tuff":38,"minecraft:oak_log":7,"minecraft:shield":1,"scalinghealth:heart_crystal":1,"minecraft:string":6,"minecraft:lapis_lazuli":55,"minecraft:dirt":4,"minecraft:lantern":1,"minecraft:raw_copper":13,"minecraft:armor_stand":1,"minecraft:white_carpet":7,"minecraft:bone":3,"minecraft:wheat_seeds":1,"alexsmobs:cockroach_wing_fragment":1,"minecraft:beef":8,"minecraft:oak_boat":2,"minecraft:stone_pickaxe":2,"minecraft:redstone_torch":1,"minecraft:moss_block":1,"minecraft:furnace":1,"minecraft:raw_iron":20,"scalinghealth:heart_crystal_shard":1,"minecraft:cooked_porkchop":2,"born_in_chaos_v1:ethereal_spirit":1,"minecraft:raw_iron_block":2,"minecraft:porkchop":12,"minecraft:cherry_log":2,"minecraft:white_bed":5,"minecraft:diorite":51,"minecraft:spruce_log":3,"illagerinvasion:illusionary_dust":1,"minecraft:leather_helmet":1,"minecraft:arrow":3,"minecraft:rotten_flesh":4,"born_in_chaos_v1:fire_dust":2,"minecraft:hay_block":1,"minecraft:spruce_sign":6,"minecraft:emerald":1,"minecraft:bread":26,"tombstone:magic_scroll":1,"minecraft:mutton":3,"minecraft:white_wool":4,"minecraft:coal":184,"minecraft:cobblestone":204}},"DataVersion":3465}