{"stats":{"minecraft:custom":{"minecraft:interact_with_smithing_table":1,"minecraft:mob_kills":37,"minecraft:interact_with_crafting_table":28,"minecraft:open_barrel":31,"minecraft:eat_cake_slice":4,"minecraft:leave_game":9,"minecraft:time_since_death":95014,"minecraft:climb_one_cm":6464,"minecraft:sprint_one_cm":722856,"minecraft:walk_one_cm":363544,"minecraft:damage_blocked_by_shield":992,"minecraft:drop":18,"minecraft:play_time":173465,"minecraft:deaths":1,"minecraft:sneak_time":967,"minecraft:walk_under_water_one_cm":4236,"minecraft:boat_one_cm":147060,"minecraft:jump":3032,"minecraft:interact_with_brewingstand":1,"minecraft:walk_on_water_one_cm":10949,"minecraft:total_world_time":173465,"minecraft:interact_with_furnace":27,"tombstone:raider_killed":1,"minecraft:sleep_in_bed":5,"minecraft:time_since_rest":26561,"minecraft:damage_taken":1811,"minecraft:damage_dealt":4575,"minecraft:swim_one_cm":50997,"minecraft:fly_one_cm":487417,"minecraft:open_chest":37,"minecraft:crouch_one_cm":2047,"tombstone:undead_killed":7,"minecraft:interact_with_smoker":6,"minecraft:fall_one_cm":62469},"minecraft:picked_up":{"minecraft:charcoal":8,"minecraft:crafting_table":5,"minecraft:chicken":6,"minecraft:leather_leggings":1,"minecraft:smithing_table":1,"minecraft:wooden_pickaxe":1,"friendsandfoes:totem_of_illusion":1,"minecraft:enchanted_book":3,"minecraft:shield":1,"minecraft:string":6,"minecraft:raw_copper":13,"minecraft:white_carpet":7,"minecraft:armor_stand":1,"minecraft:beef":8,"minecraft:oak_boat":2,"minecraft:redstone_torch":1,"minecraft:chest":1,"minecraft:furnace":1,"minecraft:raw_iron":25,"minecraft:acacia_log":7,"minecraft:porkchop":12,"minecraft:cherry_log":2,"minecraft:diorite":51,"minecraft:arrow":3,"minecraft:rotten_flesh":5,"minecraft:hay_block":1,"minecraft:mutton":3,"minecraft:cobblestone":206,"minecraft:white_wool":4,"minecraft:feather":2,"minecraft:leather":2,"minecraft:tuff":38,"minecraft:oak_log":7,"scalinghealth:heart_crystal":1,"minecraft:lapis_lazuli":55,"minecraft:map":4,"minecraft:dirt":4,"minecraft:lantern":1,"minecraft:bone":3,"minecraft:wheat_seeds":3,"alexsmobs:cockroach_wing_fragment":1,"minecraft:stone_pickaxe":2,"minecraft:iron_ingot":2,"minecraft:moss_block":1,"scalinghealth:heart_crystal_shard":1,"minecraft:cooked_porkchop":2,"born_in_chaos_v1:ethereal_spirit":1,"minecraft:raw_iron_block":2,"minecraft:white_bed":5,"minecraft:spruce_log":3,"illagerinvasion:illusionary_dust":1,"minecraft:leather_helmet":1,"born_in_chaos_v1:fire_dust":2,"minecraft:spruce_sign":6,"minecraft:emerald":1,"minecraft:bread":26,"tombstone:magic_scroll":1,"minecraft:coal":184},"minecraft:used":{"minecraft:cherry_sapling":1,"minecraft:chest":1,"minecraft:shield":12,"minecraft:iron_sword":88,"minecraft:torch":4,"minecraft:dirt":1,"scalinghealth:heart_crystal":1,"minecraft:tuff":2,"minecraft:wooden_axe":20,"born_in_chaos_v1:smoked_flesh":2,"friendsandfoes:totem_of_illusion":1,"minecraft:iron_helmet":1,"minecraft:furnace":3,"minecraft:diorite":48,"minecraft:stone_pickaxe":369,"minecraft:wooden_pickaxe":50,"minecraft:spruce_sign":6,"minecraft:crafting_table":11,"minecraft:white_bed":5,"minecraft:smoker":2,"minecraft:apple":1,"minecraft:bread":23,"minecraft:iron_pickaxe":61,"minecraft:stone_axe":48,"minecraft:cobblestone":25,"minecraft:cooked_porkchop":7,"minecraft:oak_boat":2},"minecraft:killed":{"minecraft:spider":1,"minecraft:skeleton":1,"minecraft:chicken":4,"minecraft:illusioner":1,"born_in_chaos_v1:firelight_not_despawn":2,"minecraft:pig":10,"minecraft:salmon":1,"born_in_chaos_v1:decrepit_skeleton":1,"minecraft:sheep":2,"minecraft:zombie":5,"born_in_chaos_v1:corpse_fly":1,"minecraft:cow":3},"minecraft:mined":{"minecraft:tuff":37,"minecraft:white_bed":5,"minecraft:cherry_log":2,"minecraft:acacia_log":7,"minecraft:grass_block":1,"minecraft:spruce_leaves":2,"minecraft:moss_block":1,"minecraft:raw_iron_block":2,"minecraft:furnace":1,"minecraft:iron_ore":24,"minecraft:stone":168,"scalinghealth:heart_crystal_ore":1,"minecraft:smithing_table":1,"minecraft:powder_snow":32,"minecraft:crafting_table":5,"minecraft:emerald_ore":1,"minecraft:chest":1,"minecraft:campfire":2,"minecraft:tall_grass":3,"minecraft:copper_ore":2,"minecraft:cobblestone":8,"minecraft:deepslate_coal_ore":15,"minecraft:lapis_ore":8,"minecraft:diorite":39,"minecraft:white_carpet":1,"minecraft:spruce_log":3,"minecraft:birch_leaves":4,"minecraft:stone_brick_stairs":1,"minecraft:grass":18,"minecraft:oak_log":7,"minecraft:coal_ore":166,"minecraft:dirt":5,"minecraft:cobweb":3,"minecraft:fern":1},"minecraft:crafted":{"minecraft:cherry_planks":20,"minecraft:oak_planks":28,"minecraft:raw_iron":18,"minecraft:furnace":4,"minecraft:iron_boots":1,"minecraft:stone_pickaxe":5,"minecraft:chest":1,"minecraft:smoker":2,"sophisticatedbackpacks:backpack":1,"minecraft:cooked_porkchop":5,"minecraft:crafting_table":6,"minecraft:spruce_planks":24,"minecraft:wooden_pickaxe":1,"minecraft:iron_helmet":1,"minecraft:iron_sword":1,"minecraft:stone_axe":1,"minecraft:air":0,"minecraft:oak_boat":1,"minecraft:iron_chestplate":1,"minecraft:stick":20,"born_in_chaos_v1:smoked_flesh":5,"minecraft:iron_ingot":38,"minecraft:iron_pickaxe":1,"minecraft:wooden_axe":1,"minecraft:iron_leggings":1,"minecraft:white_bed":1,"minecraft:torch":4},"minecraft:dropped":{"minecraft:moss_block":1,"minecraft:leather_helmet":1,"minecraft:map":4,"minecraft:white_wool":1,"minecraft:armor_stand":1,"minecraft:rotten_flesh":1,"alexsmobs:cockroach_wing_fragment":1,"minecraft:charcoal":4,"minecraft:redstone_torch":1,"minecraft:wooden_pickaxe":1,"minecraft:stone_pickaxe":5}},"DataVersion":3465}