{"stats":{"minecraft:crafted":{"minecraft:cherry_planks":16,"minecraft:cooked_porkchop":5,"minecraft:crafting_table":3,"minecraft:spruce_planks":12,"minecraft:stick":20,"minecraft:wooden_pickaxe":1,"minecraft:stone_pickaxe":5,"minecraft:wooden_axe":1,"minecraft:furnace":1,"minecraft:torch":4,"minecraft:stone_axe":1,"minecraft:air":0},"minecraft:used":{"minecraft:wooden_axe":20,"minecraft:diorite":1,"minecraft:stone_pickaxe":298,"minecraft:wooden_pickaxe":50,"minecraft:stone_axe":11,"minecraft:torch":2,"minecraft:crafting_table":5,"minecraft:furnace":1,"minecraft:cooked_porkchop":4,"minecraft:tuff":2},"minecraft:dropped":{"minecraft:stone_pickaxe":1},"minecraft:killed":{"minecraft:zombie":1,"minecraft:pig":7,"born_in_chaos_v1:decrepit_skeleton":1},"minecraft:mined":{"minecraft:tuff":37,"minecraft:iron_ore":3,"minecraft:cherry_log":2,"minecraft:spruce_log":3,"minecraft:powder_snow":5,"minecraft:crafting_table":2,"minecraft:grass_block":1,"minecraft:coal_ore":155,"minecraft:dirt":1,"minecraft:copper_ore":2,"minecraft:deepslate_coal_ore":12,"minecraft:spruce_leaves":2,"minecraft:lapis_ore":8,"minecraft:stone":103,"minecraft:diorite":27},"minecraft:custom":{"minecraft:time_since_rest":42767,"minecraft:interact_with_furnace":7,"minecraft:sprint_one_cm":115098,"minecraft:damage_taken":281,"minecraft:walk_one_cm":87539,"minecraft:mob_kills":9,"minecraft:drop":1,"minecraft:damage_dealt":1405,"minecraft:interact_with_crafting_table":6,"minecraft:fly_one_cm":52320,"minecraft:open_barrel":1,"minecraft:crouch_one_cm":260,"minecraft:play_time":42767,"tombstone:undead_killed":2,"minecraft:sneak_time":64,"minecraft:jump":421,"minecraft:leave_game":3,"minecraft:time_since_death":42767,"minecraft:total_world_time":42767,"minecraft:fall_one_cm":5225},"minecraft:picked_up":{"minecraft:raw_iron":4,"minecraft:crafting_table":2,"minecraft:cooked_porkchop":2,"born_in_chaos_v1:ethereal_spirit":1,"minecraft:porkchop":10,"minecraft:tuff":38,"minecraft:cherry_log":2,"minecraft:shield":1,"minecraft:diorite":39,"minecraft:spruce_log":3,"minecraft:lapis_lazuli":55,"minecraft:dirt":2,"minecraft:raw_copper":13,"minecraft:bone":3,"minecraft:rotten_flesh":2,"alexsmobs:cockroach_wing_fragment":1,"minecraft:stone_pickaxe":1,"tombstone:magic_scroll":1,"minecraft:coal":169,"minecraft:cobblestone":129}},"DataVersion":3465}