{"stats":{"minecraft:crafted":{"minecraft:cherry_planks":20,"minecraft:cooked_porkchop":5,"minecraft:crafting_table":4,"minecraft:spruce_planks":12,"minecraft:wooden_pickaxe":1,"minecraft:iron_helmet":1,"minecraft:iron_sword":1,"minecraft:furnace":2,"minecraft:stone_axe":1,"minecraft:air":0,"minecraft:stick":20,"born_in_chaos_v1:smoked_flesh":5,"minecraft:iron_ingot":11,"minecraft:stone_pickaxe":5,"minecraft:iron_pickaxe":1,"minecraft:wooden_axe":1,"minecraft:torch":4,"minecraft:smoker":1},"minecraft:used":{"minecraft:cherry_sapling":1,"minecraft:diorite":48,"minecraft:stone_pickaxe":369,"minecraft:wooden_pickaxe":50,"minecraft:shield":7,"minecraft:iron_sword":16,"minecraft:torch":4,"minecraft:dirt":1,"minecraft:crafting_table":6,"minecraft:tuff":2,"minecraft:smoker":1,"minecraft:wooden_axe":20,"born_in_chaos_v1:smoked_flesh":2,"minecraft:iron_pickaxe":17,"minecraft:iron_helmet":1,"minecraft:stone_axe":35,"minecraft:furnace":2,"minecraft:cooked_porkchop":7},"minecraft:dropped":{"minecraft:wooden_pickaxe":1,"minecraft:stone_pickaxe":2,"minecraft:armor_stand":1},"minecraft:killed":{"minecraft:pig":7,"born_in_chaos_v1:decrepit_skeleton":1,"minecraft:skeleton":1,"minecraft:zombie":3,"minecraft:chicken":1,"born_in_chaos_v1:corpse_fly":1},"minecraft:mined":{"minecraft:tuff":37,"minecraft:cherry_log":2,"minecraft:powder_snow":30,"minecraft:crafting_table":2,"minecraft:emerald_ore":1,"minecraft:grass_block":1,"minecraft:campfire":2,"minecraft:copper_ore":2,"minecraft:cobblestone":1,"minecraft:deepslate_coal_ore":12,"minecraft:spruce_leaves":2,"minecraft:lapis_ore":8,"minecraft:diorite":39,"minecraft:furnace":1,"minecraft:iron_ore":10,"minecraft:white_carpet":1,"minecraft:spruce_log":3,"minecraft:oak_log":7,"minecraft:coal_ore":161,"minecraft:dirt":3,"minecraft:stone":158,"scalinghealth:heart_crystal_ore":1},"minecraft:custom":{"minecraft:interact_with_furnace":16,"minecraft:mob_kills":14,"minecraft:interact_with_crafting_table":12,"minecraft:open_barrel":1,"minecraft:leave_game":5,"minecraft:time_since_death":2130,"minecraft:sleep_in_bed":1,"minecraft:climb_one_cm":2595,"minecraft:time_since_rest":1,"minecraft:sprint_one_cm":250743,"minecraft:damage_taken":901,"minecraft:walk_one_cm":163080,"minecraft:damage_blocked_by_shield":420,"minecraft:drop":4,"minecraft:damage_dealt":2459,"minecraft:fly_one_cm":143677,"minecraft:open_chest":3,"minecraft:crouch_one_cm":1291,"minecraft:play_time":80581,"tombstone:undead_killed":5,"minecraft:deaths":1,"minecraft:sneak_time":606,"minecraft:jump":1054,"minecraft:walk_on_water_one_cm":800,"minecraft:interact_with_smoker":5,"minecraft:total_world_time":80581,"minecraft:fall_one_cm":18973},"minecraft:picked_up":{"minecraft:charcoal":4,"minecraft:crafting_table":2,"minecraft:chicken":1,"minecraft:leather_leggings":1,"minecraft:wooden_pickaxe":1,"minecraft:tuff":38,"minecraft:oak_log":7,"minecraft:shield":1,"minecraft:lapis_lazuli":55,"minecraft:dirt":4,"minecraft:raw_copper":13,"minecraft:armor_stand":1,"minecraft:white_carpet":7,"minecraft:bone":3,"alexsmobs:cockroach_wing_fragment":1,"minecraft:stone_pickaxe":1,"minecraft:redstone_torch":1,"minecraft:furnace":1,"minecraft:raw_iron":11,"scalinghealth:heart_crystal_shard":1,"minecraft:cooked_porkchop":2,"born_in_chaos_v1:ethereal_spirit":1,"minecraft:porkchop":10,"minecraft:cherry_log":2,"minecraft:diorite":51,"minecraft:spruce_log":3,"minecraft:leather_helmet":1,"minecraft:arrow":2,"minecraft:rotten_flesh":4,"minecraft:hay_block":1,"minecraft:emerald":1,"minecraft:bread":26,"tombstone:magic_scroll":1,"minecraft:coal":176,"minecraft:cobblestone":191}},"DataVersion":3465}