{"stats":{"minecraft:crafted":{"minecraft:cherry_planks":20,"minecraft:oak_planks":28,"sophisticatedbackpacks:backpack":1,"minecraft:cooked_porkchop":5,"minecraft:crafting_table":5,"minecraft:spruce_planks":12,"minecraft:wooden_pickaxe":1,"minecraft:iron_helmet":1,"minecraft:iron_sword":1,"minecraft:furnace":2,"minecraft:stone_axe":1,"minecraft:air":0,"minecraft:oak_boat":1,"minecraft:stick":20,"born_in_chaos_v1:smoked_flesh":5,"minecraft:iron_ingot":11,"minecraft:stone_pickaxe":5,"minecraft:iron_pickaxe":1,"minecraft:wooden_axe":1,"minecraft:chest":1,"minecraft:white_bed":1,"minecraft:torch":4,"minecraft:smoker":1},"minecraft:used":{"minecraft:cherry_sapling":1,"minecraft:diorite":48,"minecraft:stone_pickaxe":369,"minecraft:wooden_pickaxe":50,"minecraft:shield":12,"minecraft:iron_sword":49,"minecraft:torch":4,"minecraft:dirt":1,"scalinghealth:heart_crystal":1,"minecraft:crafting_table":9,"minecraft:white_bed":4,"minecraft:tuff":2,"minecraft:smoker":1,"minecraft:wooden_axe":20,"born_in_chaos_v1:smoked_flesh":2,"minecraft:apple":1,"minecraft:bread":12,"minecraft:iron_pickaxe":45,"minecraft:iron_helmet":1,"minecraft:stone_axe":38,"minecraft:cobblestone":11,"minecraft:furnace":2,"minecraft:cooked_porkchop":7,"minecraft:oak_boat":1},"minecraft:dropped":{"minecraft:leather_helmet":1,"alexsmobs:cockroach_wing_fragment":1,"minecraft:charcoal":4,"minecraft:redstone_torch":1,"minecraft:wooden_pickaxe":1,"minecraft:stone_pickaxe":5,"minecraft:white_wool":1,"minecraft:armor_stand":1},"minecraft:killed":{"minecraft:pig":9,"minecraft:spider":1,"born_in_chaos_v1:decrepit_skeleton":1,"minecraft:sheep":2,"minecraft:skeleton":1,"minecraft:zombie":5,"minecraft:chicken":4,"born_in_chaos_v1:corpse_fly":1,"minecraft:illusioner":1},"minecraft:mined":{"minecraft:tuff":37,"minecraft:white_bed":4,"minecraft:cherry_log":2,"minecraft:powder_snow":32,"minecraft:crafting_table":5,"minecraft:emerald_ore":1,"minecraft:grass_block":1,"minecraft:campfire":2,"minecraft:tall_grass":1,"minecraft:copper_ore":2,"minecraft:cobblestone":8,"minecraft:deepslate_coal_ore":15,"minecraft:spruce_leaves":2,"minecraft:lapis_ore":8,"minecraft:diorite":39,"minecraft:furnace":1,"minecraft:iron_ore":13,"minecraft:white_carpet":1,"minecraft:spruce_log":3,"minecraft:birch_leaves":4,"minecraft:oak_log":7,"minecraft:coal_ore":166,"minecraft:dirt":3,"minecraft:cobweb":2,"minecraft:stone":166,"scalinghealth:heart_crystal_ore":1},"minecraft:custom":{"minecraft:interact_with_furnace":16,"minecraft:mob_kills":30,"tombstone:raider_killed":1,"minecraft:interact_with_crafting_table":16,"minecraft:open_barrel":17,"minecraft:leave_game":6,"minecraft:time_since_death":46801,"minecraft:sleep_in_bed":3,"minecraft:climb_one_cm":5597,"minecraft:time_since_rest":4430,"minecraft:sprint_one_cm":461807,"minecraft:damage_taken":1413,"minecraft:walk_one_cm":266209,"minecraft:damage_blocked_by_shield":992,"minecraft:drop":12,"minecraft:damage_dealt":3632,"minecraft:swim_one_cm":18897,"minecraft:fly_one_cm":273649,"minecraft:open_chest":7,"minecraft:crouch_one_cm":2000,"minecraft:play_time":125252,"tombstone:undead_killed":7,"minecraft:deaths":1,"minecraft:sneak_time":859,"minecraft:walk_under_water_one_cm":1552,"minecraft:boat_one_cm":48465,"minecraft:interact_with_brewingstand":1,"minecraft:jump":2093,"minecraft:walk_on_water_one_cm":4574,"minecraft:interact_with_smoker":5,"minecraft:total_world_time":125252,"minecraft:fall_one_cm":35620},"minecraft:picked_up":{"minecraft:charcoal":8,"minecraft:crafting_table":5,"minecraft:feather":2,"minecraft:chicken":6,"minecraft:leather_leggings":1,"friendsandfoes:totem_of_illusion":1,"minecraft:wooden_pickaxe":1,"minecraft:tuff":38,"minecraft:oak_log":7,"minecraft:shield":1,"scalinghealth:heart_crystal":1,"minecraft:string":5,"minecraft:lapis_lazuli":55,"minecraft:dirt":4,"minecraft:raw_copper":13,"minecraft:armor_stand":1,"minecraft:white_carpet":7,"minecraft:bone":3,"alexsmobs:cockroach_wing_fragment":1,"minecraft:oak_boat":1,"minecraft:stone_pickaxe":2,"minecraft:redstone_torch":1,"minecraft:furnace":1,"minecraft:raw_iron":14,"scalinghealth:heart_crystal_shard":1,"minecraft:cooked_porkchop":2,"born_in_chaos_v1:ethereal_spirit":1,"minecraft:porkchop":10,"minecraft:cherry_log":2,"minecraft:white_bed":4,"minecraft:diorite":51,"minecraft:spruce_log":3,"illagerinvasion:illusionary_dust":1,"minecraft:leather_helmet":1,"minecraft:arrow":3,"minecraft:rotten_flesh":4,"minecraft:hay_block":1,"minecraft:emerald":1,"minecraft:bread":26,"tombstone:magic_scroll":1,"minecraft:mutton":3,"minecraft:white_wool":4,"minecraft:coal":184,"minecraft:cobblestone":204}},"DataVersion":3465}