{"stats":{"minecraft:crafted":{"minecraft:cherry_planks":16,"minecraft:cooked_porkchop":5,"minecraft:crafting_table":3,"minecraft:spruce_planks":12,"minecraft:stick":20,"minecraft:wooden_pickaxe":1,"minecraft:stone_pickaxe":5,"minecraft:wooden_axe":1,"minecraft:furnace":1,"minecraft:torch":4,"minecraft:stone_axe":1,"minecraft:air":0},"minecraft:used":{"minecraft:wooden_axe":20,"minecraft:stone_pickaxe":264,"minecraft:wooden_pickaxe":50,"minecraft:stone_axe":1,"minecraft:crafting_table":5,"minecraft:furnace":1,"minecraft:cooked_porkchop":2,"minecraft:tuff":2},"minecraft:dropped":{"minecraft:stone_pickaxe":1},"minecraft:killed":{"minecraft:pig":7},"minecraft:mined":{"minecraft:tuff":37,"minecraft:iron_ore":3,"minecraft:cherry_log":2,"minecraft:spruce_log":3,"minecraft:powder_snow":5,"minecraft:crafting_table":2,"minecraft:grass_block":1,"minecraft:coal_ore":123,"minecraft:dirt":1,"minecraft:copper_ore":2,"minecraft:deepslate_coal_ore":12,"minecraft:spruce_leaves":2,"minecraft:lapis_ore":8,"minecraft:stone":102,"minecraft:diorite":26},"minecraft:custom":{"minecraft:time_since_rest":36320,"minecraft:interact_with_furnace":7,"minecraft:sprint_one_cm":76048,"minecraft:damage_taken":132,"minecraft:walk_one_cm":70038,"minecraft:mob_kills":7,"minecraft:drop":1,"minecraft:damage_dealt":796,"minecraft:interact_with_crafting_table":6,"minecraft:fly_one_cm":44064,"minecraft:open_barrel":1,"minecraft:crouch_one_cm":260,"minecraft:play_time":36320,"minecraft:sneak_time":64,"minecraft:jump":320,"minecraft:leave_game":3,"minecraft:time_since_death":36320,"minecraft:total_world_time":36320,"minecraft:fall_one_cm":4747},"minecraft:picked_up":{"minecraft:raw_iron":3,"minecraft:crafting_table":2,"minecraft:cooked_porkchop":2,"minecraft:porkchop":10,"minecraft:tuff":38,"minecraft:cherry_log":2,"minecraft:diorite":37,"minecraft:spruce_log":3,"minecraft:lapis_lazuli":55,"minecraft:dirt":2,"minecraft:raw_copper":13,"alexsmobs:cockroach_wing_fragment":1,"minecraft:stone_pickaxe":1,"minecraft:coal":138,"minecraft:cobblestone":125}},"DataVersion":3465}