{"stats":{"minecraft:crafted":{"minecraft:spruce_planks":12},"minecraft:mined":{"minecraft:spruce_log":3,"minecraft:spruce_leaves":2,"minecraft:powder_snow":2},"minecraft:custom":{"minecraft:jump":86,"minecraft:time_since_rest":5069,"minecraft:leave_game":1,"minecraft:sprint_one_cm":24315,"minecraft:play_time":5069,"minecraft:damage_taken":25,"minecraft:time_since_death":5069,"minecraft:walk_one_cm":3802,"minecraft:total_world_time":5069,"minecraft:fall_one_cm":627,"minecraft:fly_one_cm":24035,"minecraft:open_barrel":1},"minecraft:picked_up":{"minecraft:spruce_log":3}},"DataVersion":3465}