{"stats":{"minecraft:crafted":{"minecraft:crafting_table":1,"minecraft:spruce_planks":12,"minecraft:stick":4,"minecraft:wooden_axe":1},"minecraft:used":{"minecraft:wooden_axe":15,"minecraft:crafting_table":2},"minecraft:killed":{"minecraft:pig":5},"minecraft:mined":{"minecraft:dirt":1,"minecraft:cherry_log":2,"minecraft:spruce_log":3,"minecraft:spruce_leaves":2,"minecraft:powder_snow":5,"minecraft:crafting_table":1},"minecraft:custom":{"minecraft:open_barrel":1,"minecraft:time_since_rest":10711,"minecraft:sprint_one_cm":38279,"minecraft:play_time":10711,"minecraft:damage_taken":45,"minecraft:walk_one_cm":26612,"minecraft:mob_kills":5,"minecraft:jump":188,"minecraft:damage_dealt":505,"minecraft:leave_game":1,"minecraft:time_since_death":10711,"minecraft:total_world_time":10711,"minecraft:interact_with_crafting_table":2,"minecraft:fall_one_cm":3375,"minecraft:fly_one_cm":32696},"minecraft:picked_up":{"minecraft:crafting_table":1,"minecraft:porkchop":7,"minecraft:cherry_log":2,"minecraft:spruce_log":3,"minecraft:dirt":1}},"DataVersion":3465}