{"stats":{"minecraft:crafted":{"minecraft:cherry_planks":20,"minecraft:cooked_porkchop":5,"minecraft:crafting_table":4,"minecraft:spruce_planks":12,"minecraft:stick":20,"minecraft:iron_pickaxe":1,"minecraft:iron_ingot":4,"minecraft:wooden_pickaxe":1,"minecraft:stone_pickaxe":5,"minecraft:wooden_axe":1,"minecraft:furnace":2,"minecraft:torch":4,"minecraft:stone_axe":1,"minecraft:air":0},"minecraft:used":{"minecraft:cherry_sapling":1,"minecraft:wooden_axe":20,"minecraft:diorite":17,"minecraft:stone_pickaxe":359,"minecraft:iron_pickaxe":11,"minecraft:wooden_pickaxe":50,"minecraft:stone_axe":17,"minecraft:torch":3,"minecraft:dirt":1,"minecraft:crafting_table":6,"minecraft:furnace":2,"minecraft:cooked_porkchop":4,"minecraft:tuff":2},"minecraft:dropped":{"minecraft:stone_pickaxe":2},"minecraft:killed":{"minecraft:zombie":2,"minecraft:pig":7,"born_in_chaos_v1:corpse_fly":1,"born_in_chaos_v1:decrepit_skeleton":1},"minecraft:mined":{"minecraft:tuff":37,"minecraft:iron_ore":10,"minecraft:cherry_log":2,"minecraft:spruce_log":3,"minecraft:powder_snow":5,"minecraft:crafting_table":2,"minecraft:emerald_ore":1,"minecraft:grass_block":1,"minecraft:coal_ore":161,"minecraft:dirt":3,"minecraft:copper_ore":2,"minecraft:deepslate_coal_ore":12,"minecraft:spruce_leaves":2,"minecraft:lapis_ore":8,"minecraft:stone":149,"minecraft:diorite":34,"scalinghealth:heart_crystal_ore":1},"minecraft:custom":{"minecraft:time_since_rest":54767,"minecraft:interact_with_furnace":10,"minecraft:sprint_one_cm":164419,"minecraft:damage_taken":341,"minecraft:walk_one_cm":115373,"minecraft:mob_kills":11,"minecraft:drop":2,"minecraft:damage_dealt":1812,"minecraft:interact_with_crafting_table":8,"minecraft:fly_one_cm":67585,"minecraft:open_barrel":1,"minecraft:crouch_one_cm":260,"minecraft:play_time":54767,"tombstone:undead_killed":3,"minecraft:sneak_time":64,"minecraft:jump":606,"minecraft:leave_game":3,"minecraft:time_since_death":54767,"minecraft:total_world_time":54767,"minecraft:fall_one_cm":8377},"minecraft:picked_up":{"scalinghealth:heart_crystal_shard":1,"minecraft:raw_iron":11,"minecraft:crafting_table":2,"minecraft:cooked_porkchop":2,"born_in_chaos_v1:ethereal_spirit":1,"minecraft:porkchop":10,"minecraft:tuff":38,"minecraft:cherry_log":2,"minecraft:shield":1,"minecraft:diorite":46,"minecraft:spruce_log":3,"minecraft:lapis_lazuli":55,"minecraft:dirt":4,"minecraft:raw_copper":13,"minecraft:bone":3,"minecraft:rotten_flesh":4,"alexsmobs:cockroach_wing_fragment":1,"minecraft:stone_pickaxe":1,"minecraft:emerald":1,"tombstone:magic_scroll":1,"minecraft:coal":176,"minecraft:cobblestone":176}},"DataVersion":3465}