{"stats":{"minecraft:crafted":{"minecraft:cherry_planks":20,"minecraft:cooked_porkchop":5,"minecraft:crafting_table":4,"minecraft:spruce_planks":12,"minecraft:wooden_pickaxe":1,"minecraft:iron_helmet":1,"minecraft:furnace":2,"minecraft:stone_axe":1,"minecraft:air":0,"minecraft:stick":20,"minecraft:iron_ingot":11,"minecraft:iron_pickaxe":1,"minecraft:stone_pickaxe":5,"minecraft:wooden_axe":1,"minecraft:torch":4,"minecraft:smoker":1},"minecraft:used":{"minecraft:cherry_sapling":1,"minecraft:diorite":46,"minecraft:stone_pickaxe":364,"minecraft:wooden_pickaxe":50,"minecraft:shield":5,"minecraft:torch":4,"minecraft:dirt":1,"minecraft:crafting_table":6,"minecraft:tuff":2,"minecraft:smoker":1,"minecraft:wooden_axe":20,"minecraft:iron_pickaxe":17,"minecraft:iron_helmet":1,"minecraft:stone_axe":21,"minecraft:furnace":2,"minecraft:cooked_porkchop":6},"minecraft:dropped":{"minecraft:stone_pickaxe":2},"minecraft:killed":{"minecraft:pig":7,"born_in_chaos_v1:decrepit_skeleton":1,"minecraft:skeleton":1,"minecraft:zombie":2,"minecraft:chicken":1,"born_in_chaos_v1:corpse_fly":1},"minecraft:mined":{"minecraft:tuff":37,"minecraft:cherry_log":2,"minecraft:powder_snow":30,"minecraft:crafting_table":2,"minecraft:emerald_ore":1,"minecraft:grass_block":1,"minecraft:copper_ore":2,"minecraft:deepslate_coal_ore":12,"minecraft:spruce_leaves":2,"minecraft:lapis_ore":8,"minecraft:diorite":35,"minecraft:furnace":1,"minecraft:iron_ore":10,"minecraft:white_carpet":1,"minecraft:spruce_log":3,"minecraft:coal_ore":161,"minecraft:dirt":3,"minecraft:stone":158,"scalinghealth:heart_crystal_ore":1},"minecraft:custom":{"minecraft:interact_with_furnace":16,"minecraft:mob_kills":13,"minecraft:interact_with_crafting_table":11,"minecraft:open_barrel":1,"minecraft:leave_game":3,"minecraft:time_since_death":66767,"minecraft:sleep_in_bed":1,"minecraft:climb_one_cm":2595,"minecraft:time_since_rest":3203,"minecraft:sprint_one_cm":202715,"minecraft:damage_taken":531,"minecraft:walk_one_cm":132355,"minecraft:damage_blocked_by_shield":300,"minecraft:drop":2,"minecraft:damage_dealt":1959,"minecraft:fly_one_cm":106406,"minecraft:open_chest":1,"minecraft:crouch_one_cm":260,"minecraft:play_time":66767,"tombstone:undead_killed":4,"minecraft:sneak_time":76,"minecraft:jump":815,"minecraft:walk_on_water_one_cm":800,"minecraft:interact_with_smoker":1,"minecraft:total_world_time":66767,"minecraft:fall_one_cm":13869},"minecraft:picked_up":{"minecraft:crafting_table":2,"minecraft:chicken":1,"minecraft:tuff":38,"minecraft:shield":1,"minecraft:lapis_lazuli":55,"minecraft:dirt":4,"minecraft:raw_copper":13,"minecraft:white_carpet":7,"minecraft:bone":3,"alexsmobs:cockroach_wing_fragment":1,"minecraft:stone_pickaxe":1,"minecraft:redstone_torch":1,"minecraft:furnace":1,"minecraft:raw_iron":11,"scalinghealth:heart_crystal_shard":1,"minecraft:cooked_porkchop":2,"born_in_chaos_v1:ethereal_spirit":1,"minecraft:porkchop":10,"minecraft:cherry_log":2,"minecraft:diorite":47,"minecraft:spruce_log":3,"minecraft:arrow":2,"minecraft:rotten_flesh":4,"minecraft:emerald":1,"tombstone:magic_scroll":1,"minecraft:coal":176,"minecraft:cobblestone":191}},"DataVersion":3465}