{"stats":{"minecraft:picked_up":{"minecraft:crafting_table":15,"minecraft:coarse_dirt":63,"minecraft:chainmail_boots":1,"minecraft:flint":1,"minecraft:string":2,"minecraft:dirt":24,"minecraft:cooked_salmon":5,"minecraft:bone":2,"minecraft:red_sand":69,"minecraft:spruce_planks":19,"minecraft:gray_bed":1,"minecraft:furnace":10,"minecraft:stick":6,"minecraft:raw_iron":50,"minecraft:stone":2,"minecraft:sweet_berries":8,"minecraft:torch":73,"minecraft:gravel":12,"minecraft:porkchop":3,"minecraft:spruce_sapling":11,"minecraft:diorite":2,"minecraft:spruce_log":43,"minecraft:rabbit_foot":1,"minecraft:rotten_flesh":1,"minecraft:spruce_boat":2,"minecraft:bone_meal":1,"minecraft:emerald":1,"alexsmobs:flying_fish":1,"minecraft:coal":176,"minecraft:snowball":35,"minecraft:cobblestone":671},"minecraft:killed":{"enderzoology:fallen_knight":1,"minecraft:pig":2,"alexsmobs:flying_fish":1},"minecraft:mined":{"minecraft:scaffolding":5,"minecraft:spruce_planks":16,"minecraft:snow_block":7,"minecraft:powder_snow":11,"minecraft:crafting_table":15,"minecraft:torch":12,"minecraft:red_sand":59,"minecraft:emerald_ore":1,"minecraft:cobblestone":5,"minecraft:spruce_leaves":19,"minecraft:diorite":2,"minecraft:wall_torch":59,"minecraft:coarse_dirt":63,"minecraft:furnace":10,"minecraft:sweet_berry_bush":3,"minecraft:iron_ore":48,"minecraft:snow":2,"minecraft:gray_bed":1,"minecraft:spruce_log":43,"minecraft:coal_ore":176,"minecraft:deepslate_iron_ore":2,"minecraft:gravel":14,"minecraft:dirt":24,"minecraft:cobweb":2,"minecraft:stone":646,"minecraft:fern":1},"minecraft:custom":{"minecraft:interact_with_furnace":38,"minecraft:mob_kills":5,"minecraft:interact_with_crafting_table":20,"minecraft:open_barrel":12,"minecraft:interact_with_loom":1,"minecraft:interact_with_grindstone":1,"minecraft:leave_game":4,"minecraft:time_since_death":192876,"minecraft:sleep_in_bed":5,"minecraft:climb_one_cm":7934,"minecraft:time_since_rest":1148,"minecraft:sprint_one_cm":13043,"minecraft:damage_taken":980,"minecraft:walk_one_cm":563123,"minecraft:damage_blocked_by_shield":480,"minecraft:drop":24,"minecraft:damage_dealt":1006,"minecraft:talked_to_villager":7,"minecraft:fly_one_cm":3997,"minecraft:open_chest":38,"minecraft:play_time":196009,"tombstone:undead_killed":1,"minecraft:deaths":2,"minecraft:walk_under_water_one_cm":809,"minecraft:boat_one_cm":418230,"minecraft:jump":785,"minecraft:walk_on_water_one_cm":4520,"minecraft:interact_with_smoker":3,"minecraft:total_world_time":196009,"minecraft:fall_one_cm":7408},"minecraft:used":{"minecraft:water_bucket":2,"minecraft:diorite":2,"minecraft:stone_sword":37,"minecraft:stone_pickaxe":859,"minecraft:shield":37,"minecraft:spruce_planks":24,"minecraft:wooden_pickaxe":59,"minecraft:stone":7,"minecraft:wooden_shovel":59,"minecraft:torch":82,"minecraft:dirt":3,"minecraft:crafting_table":15,"minecraft:snowball":19,"minecraft:spruce_log":3,"minecraft:spruce_boat":3,"minecraft:wooden_axe":57,"minecraft:bread":1,"minecraft:iron_pickaxe":2,"minecraft:gravel":12,"minecraft:wooden_sword":2,"minecraft:cobblestone":118,"minecraft:sweet_berries":10,"minecraft:furnace":10,"minecraft:cooked_porkchop":1,"tombstone:gift":2,"minecraft:coarse_dirt":42,"minecraft:cobweb":2},"minecraft:dropped":{"minecraft:coarse_dirt":21,"minecraft:cobblestone":41,"minecraft:rabbit_foot":1,"alexsmobs:flying_fish":1},"minecraft:broken":{"minecraft:stone_pickaxe":6,"minecraft:wooden_shovel":1,"minecraft:wooden_pickaxe":1},"minecraft:crafted":{"minecraft:wooden_sword":1,"minecraft:wooden_shovel":1,"minecraft:cooked_porkchop":3,"minecraft:crafting_table":1,"minecraft:spruce_planks":152,"minecraft:baked_potato":1,"minecraft:wooden_pickaxe":1,"minecraft:furnace":1,"minecraft:cooked_salmon":5,"minecraft:stone":5,"minecraft:bread":2,"minecraft:shield":1,"minecraft:stick":44,"minecraft:iron_ingot":50,"minecraft:iron_pickaxe":1,"minecraft:stone_pickaxe":8,"minecraft:wooden_axe":1,"minecraft:stone_sword":1,"minecraft:spruce_boat":2,"minecraft:torch":48},"minecraft:killed_by":{"born_in_chaos_v1:nightmare_stalker":1,"minecraft:zombie":1}},"DataVersion":3465}