{"stats":{"minecraft:killed_by":{"minecraft:zombie":1,"born_in_chaos_v1:nightmare_stalker":1},"minecraft:crafted":{"minecraft:wooden_sword":1,"minecraft:crafting_table":1,"minecraft:spruce_planks":140,"minecraft:stick":4,"minecraft:wooden_pickaxe":1,"minecraft:wooden_axe":1},"minecraft:used":{"minecraft:wooden_axe":25,"minecraft:diorite":2,"minecraft:wooden_sword":2,"minecraft:cobblestone":2,"minecraft:crafting_table":2,"minecraft:spruce_planks":24,"tombstone:gift":2,"minecraft:wooden_pickaxe":39,"minecraft:spruce_log":3},"minecraft:mined":{"minecraft:spruce_planks":16,"minecraft:stone":26,"minecraft:spruce_leaves":3,"minecraft:spruce_log":38,"minecraft:powder_snow":11,"minecraft:diorite":2,"minecraft:crafting_table":2},"minecraft:custom":{"minecraft:time_since_rest":17417,"minecraft:play_time":21510,"minecraft:sprint_one_cm":11962,"minecraft:walk_one_cm":54698,"minecraft:damage_taken":740,"minecraft:deaths":2,"minecraft:jump":127,"minecraft:time_since_death":18377,"minecraft:total_world_time":21510,"minecraft:fall_one_cm":627,"minecraft:interact_with_crafting_table":3,"minecraft:fly_one_cm":2099},"minecraft:picked_up":{"minecraft:stick":6,"minecraft:crafting_table":2,"minecraft:spruce_planks":16,"minecraft:spruce_sapling":11,"minecraft:diorite":2,"minecraft:spruce_log":38,"minecraft:cobblestone":26}},"DataVersion":3465}