{"stats":{"minecraft:killed_by":{"born_in_chaos_v1:nightmare_stalker":1,"minecraft:zombie":1},"minecraft:broken":{"minecraft:stone_pickaxe":1,"minecraft:wooden_pickaxe":1},"minecraft:crafted":{"minecraft:wooden_sword":1,"minecraft:crafting_table":1,"minecraft:spruce_planks":140,"minecraft:stick":16,"minecraft:wooden_pickaxe":1,"minecraft:iron_ingot":5,"minecraft:stone_pickaxe":2,"minecraft:wooden_axe":1,"minecraft:stone_sword":1,"minecraft:furnace":1,"minecraft:stone":5,"minecraft:torch":24},"minecraft:used":{"minecraft:wooden_axe":27,"minecraft:diorite":2,"minecraft:stone_pickaxe":240,"minecraft:spruce_planks":24,"minecraft:wooden_pickaxe":59,"minecraft:stone":7,"minecraft:torch":15,"minecraft:wooden_sword":2,"minecraft:cobblestone":20,"minecraft:crafting_table":5,"minecraft:furnace":6,"tombstone:gift":2,"minecraft:spruce_log":3},"minecraft:mined":{"minecraft:spruce_planks":16,"minecraft:furnace":5,"minecraft:iron_ore":10,"minecraft:spruce_log":38,"minecraft:powder_snow":11,"minecraft:crafting_table":5,"minecraft:coal_ore":63,"minecraft:spruce_leaves":3,"minecraft:stone":203,"minecraft:diorite":2,"minecraft:wall_torch":14},"minecraft:custom":{"minecraft:time_since_rest":40455,"minecraft:interact_with_furnace":15,"minecraft:sprint_one_cm":11962,"minecraft:damage_taken":740,"minecraft:walk_one_cm":96436,"minecraft:interact_with_crafting_table":6,"minecraft:fly_one_cm":2099,"minecraft:play_time":44548,"minecraft:deaths":2,"minecraft:jump":148,"minecraft:leave_game":1,"minecraft:time_since_death":41415,"minecraft:total_world_time":44548,"minecraft:fall_one_cm":627},"minecraft:picked_up":{"minecraft:crafting_table":5,"minecraft:stick":6,"minecraft:raw_iron":10,"minecraft:stone":2,"minecraft:torch":14,"minecraft:spruce_sapling":11,"minecraft:diorite":2,"minecraft:spruce_log":38,"minecraft:spruce_planks":19,"minecraft:coal":63,"minecraft:cobblestone":227,"minecraft:furnace":5}},"DataVersion":3465}