{"stats":{"minecraft:killed_by":{"born_in_chaos_v1:nightmare_stalker":1,"minecraft:zombie":1},"minecraft:broken":{"minecraft:wooden_pickaxe":1},"minecraft:crafted":{"minecraft:wooden_sword":1,"minecraft:crafting_table":1,"minecraft:spruce_planks":140,"minecraft:stick":8,"minecraft:wooden_pickaxe":1,"minecraft:stone_pickaxe":1,"minecraft:wooden_axe":1,"minecraft:furnace":1,"minecraft:stone":5,"minecraft:torch":8},"minecraft:used":{"minecraft:wooden_axe":27,"minecraft:diorite":2,"minecraft:stone_pickaxe":106,"minecraft:spruce_planks":24,"minecraft:wooden_pickaxe":59,"minecraft:stone":7,"minecraft:torch":6,"minecraft:wooden_sword":2,"minecraft:cobblestone":17,"minecraft:crafting_table":4,"minecraft:furnace":5,"tombstone:gift":2,"minecraft:spruce_log":3},"minecraft:mined":{"minecraft:spruce_planks":16,"minecraft:furnace":5,"minecraft:spruce_log":38,"minecraft:powder_snow":11,"minecraft:crafting_table":4,"minecraft:coal_ore":63,"minecraft:spruce_leaves":3,"minecraft:stone":83,"minecraft:diorite":2,"minecraft:wall_torch":4},"minecraft:custom":{"minecraft:time_since_rest":29417,"minecraft:sprint_one_cm":11962,"minecraft:interact_with_furnace":12,"minecraft:damage_taken":740,"minecraft:walk_one_cm":73617,"minecraft:interact_with_crafting_table":5,"minecraft:fly_one_cm":2099,"minecraft:play_time":33510,"minecraft:deaths":2,"minecraft:jump":138,"minecraft:time_since_death":30377,"minecraft:total_world_time":33510,"minecraft:fall_one_cm":627},"minecraft:picked_up":{"minecraft:stick":6,"minecraft:crafting_table":4,"minecraft:stone":2,"minecraft:torch":4,"minecraft:spruce_sapling":11,"minecraft:diorite":2,"minecraft:spruce_log":38,"minecraft:spruce_planks":19,"minecraft:coal":63,"minecraft:cobblestone":107,"minecraft:furnace":5}},"DataVersion":3465}