{"stats":{"minecraft:killed":{"born_in_chaos_v1:restless_spirit":1,"born_in_chaos_v1:zombie_lumberjack":1,"born_in_chaos_v1:door_knight_not_despawn":1,"minecraft:spider":1,"minecraft:skeleton":4,"minecraft:chicken":1,"minecraft:silverfish":2,"irons_spellbooks:archevoker":1,"born_in_chaos_v1:firelight_not_despawn":2,"enderzoology:fallen_knight":1,"minecraft:creeper":1,"minecraft:sheep":1,"minecraft:pillager":3,"minecraft:zombie":10,"born_in_chaos_v1:corpse_fly":1,"minecraft:vex":1,"irons_spellbooks:summoned_zombie":1,"alexsmobs:raccoon":2,"minecraft:vindicator":1,"alexsmobs:seagull":1,"born_in_chaos_v1:maggot":3,"born_in_chaos_v1:barrel_zombie":1,"born_in_chaos_v1:decrepit_skeleton":2,"alexsmobs:catfish":1,"alexsmobs:cockroach":1,"born_in_chaos_v1:dark_vortex":1},"minecraft:picked_up":{"irons_spellbooks:scroll":3,"minecraft:iron_chestplate":2,"illagerinvasion:platinum_chunk":1,"minecraft:smithing_table":1,"minecraft:lead":1,"minecraft:enchanted_book":2,"minecraft:brewing_stand":2,"born_in_chaos_v1:black_argillite":4,"minecraft:string":14,"minecraft:iron_leggings":2,"minecraft:armor_stand":2,"minecraft:experience_bottle":4,"irons_spellbooks:arcane_essence":15,"minecraft:deepslate_tiles":12,"minecraft:cobbled_deepslate":4,"minecraft:gold_nugget":22,"minecraft:iron_pickaxe":3,"minecraft:coal_block":17,"born_in_chaos_v1:stimulating_decoction":1,"minecraft:melon_slice":38,"irons_spellbooks:inscription_table":6,"minecraft:furnace":2,"minecraft:iron_boots":3,"minecraft:acacia_fence":1,"irons_spellbooks:shriving_stone":1,"minecraft:torch":13,"tombstone:grave_dust":9,"born_in_chaos_v1:black_argillite_brick_stairs":1,"minecraft:cauldron":1,"minecraft:rotten_flesh":27,"minecraft:tropical_fish":1,"minecraft:end_rod":2,"supplementaries:ash":40,"minecraft:deepslate_brick_stairs":3,"minecraft:obsidian":4,"minecraft:iron_bars":3,"minecraft:cobblestone":146,"minecraft:magma_block":3,"minecraft:pink_petals":21,"minecraft:feather":2,"minecraft:andesite":16,"supplementaries:flax_seeds":3,"born_in_chaos_v1:black_argillite_button":2,"minecraft:map":2,"minecraft:lapis_lazuli":98,"minecraft:dirt":26,"minecraft:lantern":6,"minecraft:twisting_vines":2,"minecraft:leather_boots":1,"minecraft:bone":19,"minecraft:bow":5,"minecraft:wheat_seeds":13,"minecraft:raw_gold":10,"minecraft:grindstone":2,"minecraft:mossy_stone_bricks":2,"minecraft:bamboo":27,"minecraft:moss_block":1,"minecraft:oak_planks":1,"irons_spellbooks:legendary_ink":2,"minecraft:dead_bush":8,"minecraft:dark_oak_log":1,"minecraft:barrel":1,"minecraft:mossy_cobblestone":4,"born_in_chaos_v1:fire_dust":2,"minecraft:diamond":8,"minecraft:spruce_boat":1,"minecraft:soul_lantern":1,"minecraft:bone_meal":1,"minecraft:emerald":12,"minecraft:spruce_sign":16,"minecraft:chainmail_helmet":1,"minecraft:bread":1,"minecraft:oak_sapling":1,"born_in_chaos_v1:rotten_fish":1,"minecraft:charcoal":2,"minecraft:crafting_table":9,"minecraft:nether_wart":11,"minecraft:chicken":1,"minecraft:ladder":1,"minecraft:gold_block":1,"minecraft:chain":2,"minecraft:iron_axe":1,"minecraft:item_frame":3,"born_in_chaos_v1:intoxicating_decoction":1,"born_in_chaos_v1:black_argillite_brick":3,"minecraft:blackstone":15,"minecraft:cracked_stone_bricks":11,"minecraft:oak_boat":6,"irons_spellbooks:epic_ink":2,"minecraft:iron_nugget":36,"minecraft:lectern":6,"minecraft:sugar_cane":34,"minecraft:chest":2,"minecraft:piston":1,"minecraft:egg":1,"minecraft:raw_iron":62,"sophisticatedbackpacks:backpack":1,"born_in_chaos_v1:pieceofdarkmetal":4,"minecraft:redstone":23,"irons_spellbooks:evocation_rune":2,"minecraft:weeping_vines":1,"minecraft:arrow":2,"minecraft:gold_ingot":2,"minecraft:glow_berries":3,"minecraft:mutton":2,"minecraft:skeleton_skull":1,"minecraft:white_wool":1,"minecraft:cracked_deepslate_tiles":3,"born_in_chaos_v1:corpse_maggot":6,"minecraft:leather":6,"minecraft:oak_log":23,"scalinghealth:bandages":2,"minecraft:cobbled_deepslate_stairs":1,"minecraft:yellow_bed":13,"scalinghealth:heart_crystal":4,"minecraft:deepslate_tile_slab":1,"tombstone:gift":1,"irons_spellbooks:rare_ink":1,"irons_spellbooks:common_ink":1,"minecraft:red_carpet":15,"minecraft:apple":1,"minecraft:stone_bricks":31,"minecraft:kelp":1,"minecraft:iron_ingot":2,"born_in_chaos_v1:chipped_black_argillite_brick":1,"scalinghealth:power_crystal_shard":1,"minecraft:iron_sword":1,"minecraft:soul_sand":4,"minecraft:book":102,"minecraft:milk_bucket":1,"scalinghealth:heart_crystal_shard":1,"minecraft:dark_oak_slab":1,"minecraft:black_candle":1,"minecraft:emerald_block":1,"minecraft:pumpkin":1,"minecraft:sweet_berries":20,"born_in_chaos_v1:ethereal_spirit":7,"minecraft:dandelion":1,"minecraft:raw_iron_block":4,"minecraft:gravel":6,"born_in_chaos_v1:dark_rod":1,"minecraft:amethyst_shard":16,"minecraft:blast_furnace":3,"minecraft:white_bed":2,"graveyard:middle_bone_staff":1,"minecraft:spruce_door":5,"alexsmobs:raw_catfish":2,"irons_spellbooks:magehunter":2,"born_in_chaos_v1:black_argillite_brick_slab":2,"minecraft:iron_helmet":2,"minecraft:scute":1,"minecraft:damaged_anvil":2,"minecraft:stripped_dark_oak_log":2,"minecraft:coal":45,"minecraft:hopper":1},"minecraft:mined":{"minecraft:large_amethyst_bud":1,"minecraft:cobbled_deepslate_stairs":2,"minecraft:brewing_stand":2,"minecraft:obsidian":1,"born_in_chaos_v1:dark_metal_deposit":1,"minecraft:grass_block":7,"minecraft:infested_cobblestone":1,"minecraft:coal_block":17,"minecraft:hopper":1,"minecraft:nether_wart":4,"minecraft:spawner":1,"minecraft:magma_block":1,"minecraft:raw_iron_block":4,"minecraft:sculk_catalyst":1,"minecraft:fire":1,"minecraft:iron_ore":47,"minecraft:turtle_egg":1,"minecraft:barrel":2,"born_in_chaos_v1:black_argillite_brick_stairs":3,"minecraft:pumpkin":1,"minecraft:deepslate_lapis_ore":13,"minecraft:dirt_path":5,"minecraft:iron_bars":4,"minecraft:deepslate_brick_stairs":3,"minecraft:deepslate_redstone_ore":2,"graveyard:middle_bone_staff":1,"minecraft:twisting_vines_plant":1,"minecraft:smoker":1,"minecraft:amethyst_cluster":4,"minecraft:deepslate_tile_slab":1,"minecraft:torch":6,"minecraft:blast_furnace":3,"minecraft:melon":7,"minecraft:chest":2,"minecraft:dead_bush":8,"minecraft:cobblestone":12,"minecraft:grindstone":2,"minecraft:sugar_cane":15,"minecraft:oak_planks":1,"minecraft:damaged_anvil":2,"minecraft:wall_torch":1,"minecraft:cauldron":1,"minecraft:skeleton_skull":2,"minecraft:pink_petals":5,"minecraft:dark_oak_slab":1,"born_in_chaos_v1:black_argillite_brick":1,"minecraft:grass":65,"minecraft:cracked_deepslate_tiles":3,"minecraft:oak_log":23,"minecraft:acacia_fence":1,"minecraft:dirt":17,"minecraft:smooth_basalt":1,"minecraft:piston":1,"minecraft:oak_leaves":10,"minecraft:deepslate":5,"minecraft:emerald_block":1,"minecraft:suspicious_gravel":1,"minecraft:deepslate_tiles":7,"minecraft:red_carpet":6,"scalinghealth:power_crystal_ore":1,"minecraft:mossy_cobblestone":3,"minecraft:deepslate_diamond_ore":5,"minecraft:dark_oak_log":1,"minecraft:ladder":1,"minecraft:moss_block":1,"minecraft:furnace":3,"minecraft:andesite":6,"minecraft:gold_block":1,"minecraft:bookshelf":33,"minecraft:deepslate_iron_ore":11,"minecraft:cobblestone_slab":1,"minecraft:packed_ice":2,"minecraft:bamboo":4,"irons_spellbooks:inscription_table":6,"minecraft:stone":138,"scalinghealth:heart_crystal_ore":1,"minecraft:smithing_table":1,"minecraft:soul_sand":4,"minecraft:lily_of_the_valley":1,"minecraft:stripped_dark_oak_log":2,"minecraft:spruce_door":1,"minecraft:dandelion":1,"minecraft:crafting_table":10,"minecraft:lectern":6,"minecraft:tall_grass":15,"born_in_chaos_v1:chipped_black_argillite_brick":2,"minecraft:deepslate_gold_ore":6,"minecraft:lapis_ore":1,"minecraft:green_stained_glass_pane":2,"supplementaries:urn":20,"graveyard:vase_block":1,"minecraft:sweet_berry_bush":10,"minecraft:yellow_bed":13,"minecraft:coal_ore":46,"minecraft:end_rod":2,"minecraft:gravel":10,"minecraft:cobweb":16,"minecraft:cracked_stone_bricks":17,"minecraft:stone_bricks":41,"minecraft:mossy_stone_bricks":2,"minecraft:fern":2},"minecraft:custom":{"minecraft:interact_with_crafting_table":38,"minecraft:open_barrel":125,"goblintraders:trade_with_goblin":16,"minecraft:eat_cake_slice":2,"minecraft:leave_game":9,"minecraft:time_since_death":196722,"minecraft:sprint_one_cm":761360,"minecraft:damage_blocked_by_shield":1099,"minecraft:drop":138,"minecraft:talked_to_villager":5,"minecraft:play_time":486575,"minecraft:deaths":5,"minecraft:jump":7060,"minecraft:walk_on_water_one_cm":111137,"minecraft:interact_with_furnace":42,"minecraft:sleep_in_bed":11,"minecraft:damage_dealt":15064,"minecraft:crouch_one_cm":22708,"tombstone:undead_killed":21,"minecraft:inspect_dispenser":1,"minecraft:interact_with_smithing_table":1,"minecraft:mob_kills":47,"minecraft:damage_dealt_resisted":1388,"minecraft:climb_one_cm":29649,"minecraft:walk_one_cm":1156516,"minecraft:damage_dealt_absorbed":40,"minecraft:sneak_time":12147,"minecraft:walk_under_water_one_cm":61731,"minecraft:boat_one_cm":1180007,"minecraft:interact_with_blast_furnace":2,"minecraft:total_world_time":486575,"tombstone:raider_killed":4,"minecraft:time_since_rest":11849,"minecraft:damage_taken":5290,"minecraft:swim_one_cm":141750,"minecraft:fly_one_cm":1292660,"minecraft:open_chest":186,"minecraft:fall_one_cm":166498},"minecraft:used":{"minecraft:ladder":1,"minecraft:shield":32,"minecraft:iron_sword":194,"minecraft:spruce_boat":1,"minecraft:stone_bricks":25,"minecraft:golden_sword":4,"minecraft:bow":4,"minecraft:furnace":2,"minecraft:egg":1,"minecraft:mossy_stone_bricks":1,"minecraft:spruce_door":2,"minecraft:stone_pickaxe":91,"minecraft:oak_planks":68,"minecraft:wooden_pickaxe":3,"artifacts:eternal_steak":24,"minecraft:shears":8,"minecraft:deepslate_brick_stairs":1,"minecraft:bread":39,"minecraft:gravel":3,"minecraft:soul_lantern":1,"minecraft:andesite":1,"minecraft:oak_boat":7,"minecraft:oak_fence":3,"minecraft:iron_bars":1,"minecraft:stone_sword":355,"minecraft:armor_stand":1,"minecraft:torch":146,"minecraft:dirt":7,"scalinghealth:heart_crystal":3,"minecraft:dark_oak_planks":4,"minecraft:iron_axe":112,"tombstone:gift":5,"minecraft:water_bucket":35,"minecraft:cracked_stone_bricks":5,"minecraft:mossy_cobblestone":3,"minecraft:crafting_table":13,"minecraft:diamond_pickaxe":23,"minecraft:apple":3,"minecraft:iron_pickaxe":345,"minecraft:stone_axe":89,"minecraft:cobblestone":46,"minecraft:potion":1,"minecraft:bucket":36,"minecraft:yellow_bed":13,"alexsmobs:animal_dictionary":2},"minecraft:broken":{"minecraft:stone_sword":2},"minecraft:dropped":{"minecraft:spruce_sign":16,"minecraft:glass_bottle":1,"minecraft:dark_oak_slab":1,"minecraft:crossbow":1,"minecraft:weeping_vines":1,"minecraft:lantern":5,"minecraft:cracked_stone_bricks":3,"minecraft:red_carpet":6,"minecraft:item_frame":2,"minecraft:dirt":5,"minecraft:mutton":2,"minecraft:cracked_deepslate_tiles":3,"minecraft:chain":2,"minecraft:bone_meal":1,"minecraft:iron_pickaxe":1,"irons_spellbooks:shriving_stone":2,"minecraft:white_wool":1,"minecraft:armor_stand":1,"minecraft:bone":1,"minecraft:gravel":1,"minecraft:goat_horn":1,"minecraft:blackstone":8,"minecraft:cobbled_deepslate":4,"minecraft:twisting_vines":2,"minecraft:rotten_flesh":19,"minecraft:grindstone":1,"minecraft:oak_planks":3,"minecraft:white_bed":2,"irons_spellbooks:inscription_table":1,"irons_spellbooks:heavy_chain_necklace":1,"supplementaries:flax_seeds":3,"supplementaries:ash":40,"minecraft:deepslate_tiles":12,"born_in_chaos_v1:chipped_black_argillite_brick":1,"minecraft:charcoal":2,"minecraft:melon_seeds":2,"born_in_chaos_v1:corpse_maggot":6,"minecraft:leather_boots":2,"minecraft:leather_leggings":1,"minecraft:acacia_fence":1,"minecraft:bread":1,"minecraft:iron_ingot":4,"minecraft:wheat_seeds":11,"minecraft:mossy_cobblestone":1,"minecraft:iron_helmet":1,"minecraft:lead":1,"minecraft:book":1,"artifacts:whoopee_cushion":1,"born_in_chaos_v1:black_argillite_brick_slab":2,"minecraft:spruce_door":1,"minecraft:tropical_fish":1,"alexsmobs:raw_catfish":2,"minecraft:stick":5,"minecraft:end_rod":1,"minecraft:deepslate_brick_stairs":1,"minecraft:milk_bucket":1,"scalinghealth:heart_crystal":1,"minecraft:map":2,"minecraft:fire_charge":1,"tombstone:grave_dust":1,"minecraft:potion":2,"minecraft:iron_leggings":1,"minecraft:pumpkin":1,"minecraft:iron_axe":1,"minecraft:string":1,"minecraft:pink_petals":21,"minecraft:kelp":1,"born_in_chaos_v1:rotten_fish":1,"born_in_chaos_v1:black_argillite_button":2,"irons_spellbooks:magehunter":1,"minecraft:iron_boots":2,"sophisticatedbackpacks:backpack":1,"minecraft:andesite":14,"minecraft:mossy_stone_bricks":1,"minecraft:oak_sapling":1,"minecraft:stone_bricks":6,"minecraft:stone_pickaxe":1,"minecraft:wooden_pickaxe":1},"minecraft:crafted":{"minecraft:oak_planks":132,"irons_spellbooks:iron_spell_book":1,"minecraft:chain":3,"minecraft:iron_boots":1,"minecraft:oak_fence":3,"sophisticatedbackpacks:backpack":2,"irons_spellbooks:copper_spell_book":1,"minecraft:crafting_table":4,"minecraft:wooden_pickaxe":1,"minecraft:iron_helmet":1,"minecraft:brush":1,"minecraft:iron_chestplate":1,"minecraft:paper":9,"minecraft:diamond_pickaxe":1,"minecraft:shield":1,"minecraft:stick":60,"minecraft:iron_ingot":50,"minecraft:iron_pickaxe":1,"minecraft:stone_sword":3,"minecraft:gold_ingot":24,"minecraft:shears":1,"minecraft:oak_door":3,"minecraft:iron_nugget":9,"minecraft:iron_axe":1,"minecraft:stone_pickaxe":1,"minecraft:dark_oak_planks":12,"sophisticatedbackpacks:iron_backpack":2,"sophisticatedbackpacks:gold_backpack":2,"minecraft:bucket":1,"minecraft:stone_axe":1,"minecraft:air":0,"minecraft:oak_boat":1,"minecraft:iron_leggings":1,"minecraft:torch":132},"minecraft:killed_by":{"enderzoology:fallen_knight":2,"minecraft:vex":1,"irons_spellbooks:archevoker":2}},"DataVersion":3465}