{"stats":{"minecraft:custom":{"minecraft:open_barrel":2,"minecraft:time_since_rest":19830,"minecraft:open_chest":9,"minecraft:play_time":19830,"minecraft:interact_with_furnace":4,"minecraft:sprint_one_cm":10400,"minecraft:damage_taken":20,"minecraft:walk_one_cm":19558,"minecraft:sneak_time":2,"minecraft:walk_under_water_one_cm":363,"minecraft:jump":75,"minecraft:leave_game":1,"minecraft:time_since_death":19830,"minecraft:walk_on_water_one_cm":507,"minecraft:climb_one_cm":57,"minecraft:total_world_time":19830,"minecraft:interact_with_crafting_table":2,"minecraft:swim_one_cm":1216,"minecraft:fall_one_cm":1649,"minecraft:fly_one_cm":15955},"minecraft:picked_up":{"minecraft:pumpkin":1,"minecraft:oak_log":3,"minecraft:yellow_bed":1,"minecraft:white_bed":1,"minecraft:dirt":3,"minecraft:cobblestone":6},"minecraft:used":{"minecraft:crafting_table":1,"minecraft:stone_pickaxe":3,"alexsmobs:animal_dictionary":2,"minecraft:wooden_pickaxe":3},"minecraft:mined":{"minecraft:grass":1,"minecraft:grass_block":1,"minecraft:oak_log":3,"minecraft:dirt":2,"minecraft:tall_grass":1,"minecraft:cobblestone":3,"minecraft:stone":3,"minecraft:pumpkin":1,"minecraft:oak_leaves":3,"minecraft:yellow_bed":1},"minecraft:crafted":{"minecraft:oak_planks":12,"minecraft:crafting_table":1,"minecraft:stick":4,"minecraft:stone_pickaxe":1,"minecraft:wooden_pickaxe":1}},"DataVersion":3465}