{"stats":{"minecraft:custom":{"minecraft:time_since_rest":30186,"minecraft:interact_with_smithing_table":1,"minecraft:interact_with_furnace":5,"minecraft:sprint_one_cm":41440,"minecraft:damage_taken":40,"minecraft:walk_one_cm":44112,"minecraft:mob_kills":1,"minecraft:drop":6,"minecraft:damage_dealt":104,"minecraft:swim_one_cm":1216,"minecraft:interact_with_crafting_table":4,"minecraft:fly_one_cm":60928,"minecraft:open_barrel":4,"minecraft:open_chest":15,"minecraft:play_time":30186,"minecraft:sneak_time":4,"minecraft:walk_under_water_one_cm":476,"minecraft:jump":245,"minecraft:walk_on_water_one_cm":3610,"minecraft:leave_game":1,"minecraft:time_since_death":30186,"minecraft:climb_one_cm":57,"minecraft:total_world_time":30186,"minecraft:fall_one_cm":6734},"minecraft:picked_up":{"minecraft:book":1,"minecraft:crafting_table":1,"minecraft:acacia_fence":1,"minecraft:pumpkin":1,"minecraft:smithing_table":1,"minecraft:oak_log":3,"minecraft:brewing_stand":1,"minecraft:white_bed":1,"minecraft:yellow_bed":1,"minecraft:cobbled_deepslate_stairs":1,"minecraft:dirt":5,"minecraft:item_frame":2,"minecraft:rotten_flesh":1,"minecraft:gold_ingot":1,"minecraft:chest":1,"minecraft:deepslate_brick_stairs":1,"minecraft:mutton":2,"minecraft:white_wool":1,"minecraft:cobblestone":17,"minecraft:furnace":1},"minecraft:used":{"minecraft:stone_sword":3,"minecraft:stone_pickaxe":18,"minecraft:wooden_pickaxe":3,"artifacts:eternal_steak":1,"minecraft:stone_axe":6,"minecraft:dirt":4,"minecraft:crafting_table":2,"alexsmobs:animal_dictionary":2,"minecraft:deepslate_brick_stairs":1},"minecraft:killed":{"minecraft:sheep":1},"minecraft:mined":{"minecraft:smithing_table":1,"minecraft:furnace":1,"minecraft:cobbled_deepslate_stairs":1,"minecraft:pumpkin":1,"minecraft:brewing_stand":1,"minecraft:yellow_bed":1,"minecraft:crafting_table":1,"minecraft:grass":2,"minecraft:grass_block":3,"minecraft:oak_log":3,"minecraft:chest":1,"minecraft:acacia_fence":1,"minecraft:dirt":2,"minecraft:deepslate_brick_stairs":1,"minecraft:tall_grass":1,"minecraft:cobblestone":3,"minecraft:stone":14,"minecraft:oak_leaves":3},"minecraft:crafted":{"minecraft:oak_planks":12,"sophisticatedbackpacks:backpack":1,"minecraft:crafting_table":1,"minecraft:stick":8,"minecraft:wooden_pickaxe":1,"minecraft:stone_pickaxe":1,"minecraft:stone_sword":1,"minecraft:stone_axe":1},"minecraft:dropped":{"minecraft:dirt":1,"minecraft:rotten_flesh":1,"minecraft:wooden_pickaxe":1,"minecraft:acacia_fence":1,"minecraft:white_wool":1,"minecraft:item_frame":1}},"DataVersion":3465}