{"stats":{"minecraft:custom":{"minecraft:interact_with_smithing_table":1,"minecraft:interact_with_furnace":8,"minecraft:mob_kills":1,"minecraft:interact_with_crafting_table":6,"minecraft:open_barrel":4,"minecraft:leave_game":2,"minecraft:time_since_death":42672,"minecraft:climb_one_cm":57,"minecraft:time_since_rest":42672,"minecraft:sprint_one_cm":83884,"minecraft:damage_taken":70,"minecraft:walk_one_cm":91986,"minecraft:drop":13,"minecraft:damage_dealt":104,"minecraft:swim_one_cm":4921,"minecraft:fly_one_cm":111653,"minecraft:open_chest":27,"minecraft:play_time":42672,"minecraft:sneak_time":4,"minecraft:walk_under_water_one_cm":735,"minecraft:jump":517,"minecraft:walk_on_water_one_cm":3934,"minecraft:total_world_time":42672,"minecraft:fall_one_cm":12872},"minecraft:picked_up":{"minecraft:crafting_table":2,"minecraft:leather":4,"minecraft:smithing_table":1,"minecraft:lead":1,"minecraft:enchanted_book":1,"minecraft:oak_log":23,"minecraft:brewing_stand":1,"minecraft:cobbled_deepslate_stairs":1,"minecraft:yellow_bed":1,"minecraft:map":2,"minecraft:dirt":5,"minecraft:string":4,"minecraft:item_frame":2,"minecraft:experience_bottle":2,"minecraft:wheat_seeds":2,"minecraft:iron_ingot":1,"minecraft:melon_slice":38,"minecraft:chest":2,"minecraft:furnace":2,"minecraft:book":1,"minecraft:acacia_fence":1,"minecraft:pumpkin":1,"minecraft:white_bed":2,"minecraft:weeping_vines":1,"minecraft:rotten_flesh":1,"minecraft:gold_ingot":2,"minecraft:emerald":1,"minecraft:deepslate_brick_stairs":1,"minecraft:mutton":2,"minecraft:white_wool":1,"minecraft:cobblestone":17},"minecraft:used":{"minecraft:stone_sword":14,"minecraft:stone_pickaxe":19,"minecraft:wooden_pickaxe":3,"artifacts:eternal_steak":2,"minecraft:dirt":4,"minecraft:crafting_table":3,"minecraft:deepslate_brick_stairs":1,"minecraft:stone_axe":28,"alexsmobs:animal_dictionary":2},"minecraft:killed":{"minecraft:sheep":1},"minecraft:mined":{"minecraft:smithing_table":1,"minecraft:cobbled_deepslate_stairs":1,"minecraft:brewing_stand":1,"minecraft:crafting_table":2,"minecraft:grass_block":3,"minecraft:melon":7,"minecraft:chest":2,"minecraft:tall_grass":1,"minecraft:cobblestone":3,"minecraft:furnace":2,"minecraft:pumpkin":1,"minecraft:yellow_bed":1,"minecraft:grass":2,"minecraft:oak_log":23,"minecraft:acacia_fence":1,"minecraft:deepslate_brick_stairs":1,"minecraft:dirt":2,"minecraft:cobweb":4,"minecraft:stone":14,"minecraft:oak_leaves":5},"minecraft:crafted":{"minecraft:oak_planks":12,"sophisticatedbackpacks:backpack":2,"minecraft:crafting_table":1,"minecraft:wooden_pickaxe":1,"minecraft:stone_axe":1,"minecraft:stick":8,"minecraft:stone_pickaxe":1,"minecraft:stone_sword":1},"minecraft:dropped":{"minecraft:wheat_seeds":2,"minecraft:weeping_vines":1,"minecraft:rotten_flesh":1,"minecraft:oak_planks":1,"minecraft:white_bed":2,"minecraft:item_frame":1,"minecraft:dirt":1,"minecraft:map":2,"minecraft:wooden_pickaxe":1,"minecraft:acacia_fence":1,"minecraft:white_wool":1}},"DataVersion":3465}