{"stats":{"minecraft:custom":{"minecraft:interact_with_smithing_table":1,"minecraft:interact_with_furnace":9,"minecraft:mob_kills":2,"minecraft:interact_with_crafting_table":9,"minecraft:open_barrel":4,"minecraft:leave_game":2,"minecraft:time_since_death":52957,"minecraft:climb_one_cm":1165,"minecraft:time_since_rest":52957,"minecraft:sprint_one_cm":104959,"minecraft:damage_taken":148,"minecraft:walk_one_cm":115616,"minecraft:drop":16,"minecraft:damage_dealt":183,"minecraft:talked_to_villager":2,"minecraft:swim_one_cm":17839,"minecraft:fly_one_cm":146186,"minecraft:open_chest":30,"minecraft:crouch_one_cm":274,"minecraft:play_time":52957,"minecraft:sneak_time":146,"minecraft:walk_under_water_one_cm":8413,"minecraft:jump":697,"minecraft:walk_on_water_one_cm":9101,"minecraft:total_world_time":52957,"minecraft:fall_one_cm":16934},"minecraft:picked_up":{"minecraft:charcoal":2,"minecraft:crafting_table":3,"minecraft:feather":2,"minecraft:chicken":1,"minecraft:leather":4,"minecraft:smithing_table":1,"minecraft:lead":1,"minecraft:enchanted_book":1,"minecraft:oak_log":23,"minecraft:brewing_stand":1,"minecraft:yellow_bed":1,"minecraft:cobbled_deepslate_stairs":1,"minecraft:map":2,"minecraft:dirt":5,"minecraft:string":4,"minecraft:item_frame":2,"minecraft:experience_bottle":2,"minecraft:wheat_seeds":3,"minecraft:iron_ingot":1,"minecraft:melon_slice":38,"minecraft:sugar_cane":16,"minecraft:chest":2,"minecraft:egg":1,"minecraft:furnace":2,"minecraft:book":1,"minecraft:acacia_fence":1,"minecraft:pumpkin":1,"minecraft:torch":2,"minecraft:white_bed":2,"minecraft:weeping_vines":1,"minecraft:rotten_flesh":1,"minecraft:emerald":1,"minecraft:gold_ingot":2,"minecraft:deepslate_brick_stairs":1,"minecraft:mutton":2,"minecraft:white_wool":1,"minecraft:cobblestone":17},"minecraft:used":{"minecraft:stone_sword":17,"minecraft:stone_pickaxe":21,"minecraft:wooden_pickaxe":3,"artifacts:eternal_steak":4,"minecraft:torch":2,"minecraft:dirt":4,"minecraft:crafting_table":5,"minecraft:deepslate_brick_stairs":1,"minecraft:stone_axe":29,"minecraft:egg":1,"alexsmobs:animal_dictionary":2},"minecraft:killed":{"minecraft:sheep":1,"minecraft:chicken":1},"minecraft:mined":{"minecraft:smithing_table":1,"minecraft:cobbled_deepslate_stairs":1,"minecraft:brewing_stand":1,"minecraft:crafting_table":3,"minecraft:torch":2,"minecraft:grass_block":3,"minecraft:melon":7,"minecraft:chest":2,"minecraft:tall_grass":2,"minecraft:cobblestone":3,"minecraft:sugar_cane":8,"minecraft:furnace":2,"minecraft:pumpkin":1,"minecraft:yellow_bed":1,"minecraft:grass":3,"minecraft:oak_log":23,"minecraft:acacia_fence":1,"minecraft:dirt":2,"minecraft:deepslate_brick_stairs":1,"minecraft:cobweb":4,"minecraft:stone":14,"minecraft:oak_leaves":5},"minecraft:crafted":{"minecraft:oak_door":3,"minecraft:oak_planks":32,"sophisticatedbackpacks:backpack":2,"minecraft:crafting_table":2,"minecraft:wooden_pickaxe":1,"minecraft:brush":1,"minecraft:stone_axe":1,"minecraft:shield":1,"minecraft:stick":8,"minecraft:stone_pickaxe":1,"minecraft:stone_sword":1,"minecraft:torch":8},"minecraft:dropped":{"minecraft:wheat_seeds":3,"minecraft:weeping_vines":1,"minecraft:rotten_flesh":1,"minecraft:oak_planks":1,"minecraft:white_bed":2,"minecraft:item_frame":1,"minecraft:dirt":1,"minecraft:charcoal":2,"minecraft:oak_sapling":1,"minecraft:map":2,"minecraft:wooden_pickaxe":1,"minecraft:acacia_fence":1,"minecraft:white_wool":1}},"DataVersion":3465}