{"stats":{"minecraft:custom":{"minecraft:jump":25,"minecraft:open_chest":8,"minecraft:time_since_rest":6348,"minecraft:interact_with_furnace":4,"minecraft:walk_on_water_one_cm":94,"minecraft:sprint_one_cm":4341,"minecraft:damage_taken":20,"minecraft:play_time":6348,"minecraft:time_since_death":6348,"minecraft:walk_one_cm":10344,"minecraft:total_world_time":6348,"minecraft:walk_under_water_one_cm":231,"minecraft:fall_one_cm":1171,"minecraft:fly_one_cm":6734,"minecraft:open_barrel":1},"minecraft:picked_up":{"minecraft:yellow_bed":1,"minecraft:dirt":2},"minecraft:used":{"alexsmobs:animal_dictionary":2},"minecraft:mined":{"minecraft:yellow_bed":1,"minecraft:dirt":2}},"DataVersion":3465}