{"stats":{"minecraft:custom":{"minecraft:interact_with_smithing_table":1,"minecraft:mob_kills":22,"minecraft:interact_with_crafting_table":25,"minecraft:open_barrel":21,"goblintraders:trade_with_goblin":16,"minecraft:leave_game":2,"minecraft:time_since_death":166957,"minecraft:climb_one_cm":4815,"minecraft:sprint_one_cm":269906,"minecraft:walk_one_cm":455191,"minecraft:damage_blocked_by_shield":290,"minecraft:drop":62,"minecraft:talked_to_villager":2,"minecraft:play_time":166957,"minecraft:sneak_time":4969,"minecraft:walk_under_water_one_cm":27104,"minecraft:jump":2684,"minecraft:walk_on_water_one_cm":66545,"minecraft:total_world_time":166957,"minecraft:interact_with_furnace":26,"minecraft:sleep_in_bed":3,"minecraft:time_since_rest":7429,"minecraft:damage_taken":1708,"minecraft:damage_dealt":6602,"minecraft:swim_one_cm":105330,"minecraft:fly_one_cm":414665,"minecraft:open_chest":47,"minecraft:crouch_one_cm":10879,"tombstone:undead_killed":11,"minecraft:fall_one_cm":58049,"minecraft:inspect_dispenser":1},"minecraft:picked_up":{"irons_spellbooks:scroll":1,"minecraft:charcoal":2,"minecraft:crafting_table":7,"minecraft:nether_wart":11,"minecraft:chicken":1,"minecraft:ladder":1,"minecraft:smithing_table":1,"minecraft:lead":1,"minecraft:enchanted_book":2,"minecraft:chain":2,"minecraft:brewing_stand":1,"minecraft:string":12,"born_in_chaos_v1:intoxicating_decoction":1,"minecraft:item_frame":2,"minecraft:experience_bottle":2,"minecraft:blackstone":15,"irons_spellbooks:arcane_essence":1,"minecraft:deepslate_tiles":12,"minecraft:gold_nugget":22,"minecraft:cobbled_deepslate":4,"minecraft:iron_nugget":36,"minecraft:lectern":1,"minecraft:iron_pickaxe":2,"born_in_chaos_v1:stimulating_decoction":1,"minecraft:sugar_cane":16,"minecraft:melon_slice":38,"minecraft:chest":2,"irons_spellbooks:inscription_table":1,"minecraft:piston":1,"minecraft:iron_boots":1,"minecraft:furnace":2,"minecraft:egg":1,"minecraft:raw_iron":56,"minecraft:acacia_fence":1,"minecraft:torch":8,"tombstone:grave_dust":7,"minecraft:redstone":23,"minecraft:cauldron":1,"minecraft:arrow":2,"minecraft:weeping_vines":1,"minecraft:rotten_flesh":14,"minecraft:gold_ingot":2,"supplementaries:ash":40,"minecraft:deepslate_brick_stairs":2,"minecraft:mutton":2,"minecraft:white_wool":1,"minecraft:cobblestone":32,"minecraft:cracked_deepslate_tiles":3,"born_in_chaos_v1:corpse_maggot":6,"minecraft:feather":2,"minecraft:andesite":15,"minecraft:leather":4,"minecraft:oak_log":23,"supplementaries:flax_seeds":3,"minecraft:cobbled_deepslate_stairs":1,"minecraft:yellow_bed":4,"scalinghealth:heart_crystal":1,"minecraft:deepslate_tile_slab":1,"minecraft:map":2,"minecraft:lapis_lazuli":98,"minecraft:dirt":8,"minecraft:lantern":2,"tombstone:gift":1,"minecraft:twisting_vines":2,"minecraft:bone":17,"minecraft:stone_bricks":11,"minecraft:wheat_seeds":4,"minecraft:raw_gold":10,"minecraft:iron_ingot":1,"scalinghealth:power_crystal_shard":1,"minecraft:mossy_stone_bricks":2,"minecraft:bamboo":10,"minecraft:soul_sand":4,"minecraft:book":49,"minecraft:pumpkin":1,"born_in_chaos_v1:ethereal_spirit":5,"minecraft:raw_iron_block":2,"born_in_chaos_v1:dark_rod":1,"minecraft:white_bed":2,"graveyard:middle_bone_staff":1,"minecraft:spruce_door":4,"minecraft:mossy_cobblestone":1,"alexsmobs:raw_catfish":2,"minecraft:diamond":5,"minecraft:soul_lantern":1,"minecraft:bone_meal":1,"minecraft:spruce_sign":8,"minecraft:emerald":10,"minecraft:damaged_anvil":2,"minecraft:coal":29},"minecraft:used":{"minecraft:stone_sword":245,"minecraft:ladder":1,"minecraft:shield":10,"minecraft:torch":103,"minecraft:dirt":4,"scalinghealth:heart_crystal":1,"minecraft:stone_bricks":5,"minecraft:furnace":2,"tombstone:gift":2,"minecraft:egg":1,"minecraft:mossy_stone_bricks":1,"minecraft:water_bucket":8,"minecraft:spruce_door":2,"minecraft:stone_pickaxe":91,"minecraft:wooden_pickaxe":3,"artifacts:eternal_steak":19,"minecraft:crafting_table":9,"minecraft:deepslate_brick_stairs":1,"minecraft:iron_pickaxe":118,"minecraft:soul_lantern":1,"minecraft:stone_axe":58,"minecraft:cobblestone":13,"minecraft:bucket":9,"minecraft:yellow_bed":3,"alexsmobs:animal_dictionary":2},"minecraft:broken":{"minecraft:stone_sword":2},"minecraft:killed":{"irons_spellbooks:summoned_zombie":1,"minecraft:spider":1,"born_in_chaos_v1:maggot":2,"minecraft:skeleton":4,"minecraft:chicken":1,"minecraft:creeper":1,"born_in_chaos_v1:decrepit_skeleton":1,"minecraft:sheep":1,"alexsmobs:catfish":1,"alexsmobs:cockroach":1,"minecraft:zombie":5,"born_in_chaos_v1:corpse_fly":1,"born_in_chaos_v1:dark_vortex":1},"minecraft:mined":{"minecraft:deepslate_tiles":7,"minecraft:large_amethyst_bud":1,"scalinghealth:power_crystal_ore":1,"minecraft:mossy_cobblestone":1,"minecraft:deepslate_diamond_ore":5,"minecraft:cobbled_deepslate_stairs":1,"minecraft:brewing_stand":1,"minecraft:ladder":1,"minecraft:grass_block":3,"minecraft:nether_wart":4,"minecraft:raw_iron_block":2,"minecraft:sculk_catalyst":1,"minecraft:furnace":2,"minecraft:iron_ore":41,"minecraft:fire":1,"minecraft:andesite":5,"minecraft:pumpkin":1,"minecraft:deepslate_lapis_ore":13,"minecraft:bookshelf":16,"minecraft:deepslate_iron_ore":11,"minecraft:deepslate_brick_stairs":2,"minecraft:packed_ice":2,"minecraft:bamboo":2,"irons_spellbooks:inscription_table":1,"minecraft:stone":24,"minecraft:smithing_table":1,"minecraft:deepslate_redstone_ore":2,"minecraft:soul_sand":4,"graveyard:middle_bone_staff":1,"minecraft:twisting_vines_plant":1,"minecraft:deepslate_tile_slab":1,"minecraft:spruce_door":1,"minecraft:crafting_table":7,"minecraft:torch":5,"minecraft:melon":7,"minecraft:chest":2,"minecraft:lectern":1,"minecraft:tall_grass":9,"minecraft:cobblestone":6,"minecraft:lapis_ore":1,"minecraft:deepslate_gold_ore":6,"minecraft:sugar_cane":8,"minecraft:damaged_anvil":2,"minecraft:cauldron":1,"supplementaries:urn":20,"graveyard:vase_block":1,"minecraft:yellow_bed":4,"minecraft:grass":19,"minecraft:cracked_deepslate_tiles":3,"minecraft:oak_log":23,"minecraft:coal_ore":30,"minecraft:acacia_fence":1,"minecraft:dirt":5,"minecraft:cobweb":13,"minecraft:smooth_basalt":1,"minecraft:cracked_stone_bricks":3,"minecraft:stone_bricks":14,"minecraft:mossy_stone_bricks":2,"minecraft:piston":1,"minecraft:oak_leaves":5,"minecraft:deepslate":5,"minecraft:fern":1},"minecraft:crafted":{"minecraft:oak_door":3,"minecraft:oak_planks":52,"minecraft:iron_boots":1,"minecraft:stone_pickaxe":1,"sophisticatedbackpacks:iron_backpack":1,"sophisticatedbackpacks:backpack":2,"minecraft:crafting_table":3,"minecraft:wooden_pickaxe":1,"minecraft:iron_helmet":1,"minecraft:brush":1,"minecraft:bucket":1,"minecraft:stone_axe":1,"minecraft:air":0,"minecraft:iron_chestplate":1,"minecraft:shield":1,"minecraft:stick":40,"minecraft:iron_ingot":50,"minecraft:iron_leggings":1,"minecraft:stone_sword":3,"minecraft:gold_ingot":15,"minecraft:torch":116},"minecraft:dropped":{"minecraft:wheat_seeds":4,"minecraft:mossy_cobblestone":1,"minecraft:weeping_vines":1,"minecraft:book":1,"minecraft:lantern":2,"minecraft:spruce_door":1,"alexsmobs:raw_catfish":2,"minecraft:stick":1,"minecraft:item_frame":1,"minecraft:dirt":4,"minecraft:deepslate_brick_stairs":1,"minecraft:mutton":2,"minecraft:cracked_deepslate_tiles":3,"minecraft:map":2,"minecraft:chain":2,"minecraft:bone_meal":1,"minecraft:pumpkin":1,"minecraft:iron_pickaxe":1,"minecraft:white_wool":1,"minecraft:bone":1,"minecraft:blackstone":8,"minecraft:cobbled_deepslate":4,"minecraft:twisting_vines":2,"minecraft:rotten_flesh":14,"minecraft:oak_planks":3,"minecraft:iron_boots":1,"minecraft:white_bed":2,"supplementaries:flax_seeds":3,"supplementaries:ash":40,"minecraft:deepslate_tiles":12,"minecraft:charcoal":2,"minecraft:andesite":14,"born_in_chaos_v1:corpse_maggot":6,"minecraft:leather_boots":1,"minecraft:oak_sapling":1,"minecraft:leather_leggings":1,"minecraft:stone_bricks":6,"minecraft:stone_pickaxe":1,"minecraft:wooden_pickaxe":1,"minecraft:acacia_fence":1}},"DataVersion":3465}