{"stats":{"minecraft:custom":{"minecraft:interact_with_smithing_table":1,"minecraft:mob_kills":20,"minecraft:interact_with_crafting_table":18,"minecraft:open_barrel":4,"goblintraders:trade_with_goblin":13,"minecraft:leave_game":2,"minecraft:time_since_death":118957,"minecraft:climb_one_cm":2399,"minecraft:sprint_one_cm":198204,"minecraft:walk_one_cm":332291,"minecraft:damage_blocked_by_shield":250,"minecraft:drop":57,"minecraft:talked_to_villager":2,"minecraft:play_time":118957,"minecraft:sneak_time":3308,"minecraft:walk_under_water_one_cm":17104,"minecraft:jump":1859,"minecraft:walk_on_water_one_cm":48145,"minecraft:total_world_time":118957,"minecraft:interact_with_furnace":17,"minecraft:time_since_rest":118957,"minecraft:damage_taken":1445,"minecraft:damage_dealt":5676,"minecraft:swim_one_cm":76181,"minecraft:fly_one_cm":263131,"minecraft:open_chest":37,"minecraft:crouch_one_cm":6535,"tombstone:undead_killed":10,"minecraft:fall_one_cm":40435,"minecraft:inspect_dispenser":1},"minecraft:picked_up":{"irons_spellbooks:scroll":1,"minecraft:charcoal":2,"minecraft:crafting_table":4,"minecraft:chicken":1,"minecraft:smithing_table":1,"minecraft:lead":1,"minecraft:enchanted_book":2,"minecraft:chain":2,"minecraft:brewing_stand":1,"minecraft:string":12,"born_in_chaos_v1:intoxicating_decoction":1,"minecraft:item_frame":2,"minecraft:experience_bottle":2,"minecraft:blackstone":15,"irons_spellbooks:arcane_essence":1,"minecraft:gold_nugget":22,"minecraft:cobbled_deepslate":4,"minecraft:iron_nugget":36,"minecraft:iron_pickaxe":2,"born_in_chaos_v1:stimulating_decoction":1,"minecraft:sugar_cane":16,"minecraft:melon_slice":38,"minecraft:chest":2,"minecraft:iron_boots":1,"minecraft:furnace":2,"minecraft:egg":1,"minecraft:raw_iron":45,"minecraft:acacia_fence":1,"minecraft:torch":7,"tombstone:grave_dust":7,"minecraft:redstone":23,"minecraft:arrow":2,"minecraft:weeping_vines":1,"minecraft:rotten_flesh":14,"minecraft:gold_ingot":2,"supplementaries:ash":40,"minecraft:deepslate_brick_stairs":2,"minecraft:mutton":2,"minecraft:white_wool":1,"minecraft:cobblestone":29,"minecraft:cracked_deepslate_tiles":3,"born_in_chaos_v1:corpse_maggot":6,"minecraft:feather":2,"minecraft:andesite":14,"minecraft:leather":4,"minecraft:oak_log":23,"supplementaries:flax_seeds":3,"minecraft:cobbled_deepslate_stairs":1,"minecraft:yellow_bed":1,"scalinghealth:heart_crystal":1,"minecraft:map":2,"minecraft:lapis_lazuli":98,"minecraft:dirt":8,"tombstone:gift":1,"minecraft:twisting_vines":2,"minecraft:bone":17,"minecraft:stone_bricks":5,"minecraft:wheat_seeds":4,"minecraft:raw_gold":10,"minecraft:iron_ingot":1,"scalinghealth:power_crystal_shard":1,"minecraft:book":1,"minecraft:pumpkin":1,"born_in_chaos_v1:ethereal_spirit":5,"born_in_chaos_v1:dark_rod":1,"minecraft:white_bed":2,"minecraft:spruce_door":3,"minecraft:mossy_cobblestone":1,"alexsmobs:raw_catfish":2,"minecraft:diamond":5,"minecraft:soul_lantern":1,"minecraft:bone_meal":1,"minecraft:emerald":10,"minecraft:coal":22},"minecraft:used":{"minecraft:stone_sword":221,"minecraft:shield":9,"minecraft:torch":97,"minecraft:dirt":4,"scalinghealth:heart_crystal":1,"minecraft:furnace":1,"tombstone:gift":2,"minecraft:egg":1,"minecraft:water_bucket":4,"minecraft:spruce_door":2,"minecraft:stone_pickaxe":91,"minecraft:wooden_pickaxe":3,"artifacts:eternal_steak":14,"minecraft:crafting_table":6,"minecraft:deepslate_brick_stairs":1,"minecraft:iron_pickaxe":62,"minecraft:soul_lantern":1,"minecraft:stone_axe":31,"minecraft:cobblestone":9,"minecraft:bucket":5,"alexsmobs:animal_dictionary":2},"minecraft:broken":{"minecraft:stone_sword":1},"minecraft:killed":{"irons_spellbooks:summoned_zombie":1,"minecraft:spider":1,"born_in_chaos_v1:maggot":2,"minecraft:skeleton":3,"minecraft:chicken":1,"minecraft:creeper":1,"born_in_chaos_v1:decrepit_skeleton":1,"minecraft:sheep":1,"alexsmobs:catfish":1,"alexsmobs:cockroach":1,"minecraft:zombie":5,"born_in_chaos_v1:corpse_fly":1,"born_in_chaos_v1:dark_vortex":1},"minecraft:mined":{"scalinghealth:power_crystal_ore":1,"minecraft:mossy_cobblestone":1,"minecraft:deepslate_diamond_ore":5,"minecraft:cobbled_deepslate_stairs":1,"minecraft:brewing_stand":1,"minecraft:grass_block":3,"minecraft:sculk_catalyst":1,"minecraft:furnace":2,"minecraft:iron_ore":30,"minecraft:fire":1,"minecraft:andesite":4,"minecraft:pumpkin":1,"minecraft:deepslate_lapis_ore":13,"minecraft:deepslate_iron_ore":11,"minecraft:deepslate_brick_stairs":2,"minecraft:stone":24,"minecraft:smithing_table":1,"minecraft:deepslate_redstone_ore":2,"minecraft:twisting_vines_plant":1,"minecraft:spruce_door":1,"minecraft:crafting_table":4,"minecraft:torch":5,"minecraft:melon":7,"minecraft:chest":2,"minecraft:tall_grass":2,"minecraft:cobblestone":3,"minecraft:lapis_ore":1,"minecraft:deepslate_gold_ore":6,"minecraft:sugar_cane":8,"supplementaries:urn":20,"minecraft:yellow_bed":1,"minecraft:grass":3,"minecraft:cracked_deepslate_tiles":3,"minecraft:oak_log":23,"minecraft:coal_ore":23,"minecraft:acacia_fence":1,"minecraft:dirt":2,"minecraft:cobweb":13,"minecraft:smooth_basalt":1,"minecraft:cracked_stone_bricks":1,"minecraft:stone_bricks":5,"minecraft:oak_leaves":5,"minecraft:deepslate":5},"minecraft:crafted":{"minecraft:oak_door":3,"minecraft:oak_planks":48,"minecraft:iron_boots":1,"minecraft:stone_pickaxe":1,"sophisticatedbackpacks:backpack":2,"minecraft:crafting_table":3,"minecraft:wooden_pickaxe":1,"minecraft:iron_helmet":1,"minecraft:brush":1,"minecraft:bucket":1,"minecraft:stone_axe":1,"minecraft:air":0,"minecraft:iron_chestplate":1,"minecraft:shield":1,"minecraft:stick":36,"minecraft:iron_ingot":32,"minecraft:iron_leggings":1,"minecraft:stone_sword":2,"minecraft:gold_ingot":6,"minecraft:torch":116},"minecraft:dropped":{"minecraft:wheat_seeds":4,"minecraft:mossy_cobblestone":1,"minecraft:weeping_vines":1,"minecraft:book":1,"minecraft:spruce_door":1,"alexsmobs:raw_catfish":2,"minecraft:stick":1,"minecraft:item_frame":1,"minecraft:dirt":4,"minecraft:deepslate_brick_stairs":1,"minecraft:mutton":2,"minecraft:cracked_deepslate_tiles":3,"minecraft:map":2,"minecraft:chain":2,"minecraft:bone_meal":1,"minecraft:pumpkin":1,"minecraft:iron_pickaxe":1,"minecraft:white_wool":1,"minecraft:bone":1,"minecraft:blackstone":8,"minecraft:cobbled_deepslate":4,"minecraft:twisting_vines":2,"minecraft:rotten_flesh":14,"minecraft:oak_planks":3,"minecraft:iron_boots":1,"minecraft:white_bed":2,"supplementaries:flax_seeds":3,"supplementaries:ash":40,"minecraft:charcoal":2,"minecraft:andesite":14,"born_in_chaos_v1:corpse_maggot":6,"minecraft:leather_boots":1,"minecraft:oak_sapling":1,"minecraft:leather_leggings":1,"minecraft:stone_bricks":5,"minecraft:stone_pickaxe":1,"minecraft:wooden_pickaxe":1,"minecraft:acacia_fence":1}},"DataVersion":3465}