{"stats":{"minecraft:crafted":{"minecraft:cherry_planks":48,"minecraft:wooden_shovel":1,"minecraft:crafting_table":1,"minecraft:spruce_planks":40,"minecraft:stick":8,"minecraft:wooden_axe":1},"minecraft:used":{"minecraft:wooden_axe":1,"minecraft:crafting_table":1,"minecraft:cherry_planks":6,"minecraft:cherry_log":3,"minecraft:wooden_shovel":13},"minecraft:mined":{"minecraft:cherry_leaves":5,"minecraft:cherry_log":15,"minecraft:spruce_log":10,"minecraft:spruce_leaves":3,"minecraft:powder_snow":24,"minecraft:crafting_table":1},"minecraft:custom":{"minecraft:time_since_rest":6711,"minecraft:crouch_one_cm":5065,"minecraft:play_time":6711,"minecraft:sprint_one_cm":5774,"minecraft:damage_taken":10,"minecraft:walk_one_cm":4607,"minecraft:sneak_time":2249,"minecraft:jump":94,"minecraft:time_since_death":6711,"minecraft:total_world_time":6711,"minecraft:interact_with_crafting_table":2,"minecraft:fall_one_cm":894,"minecraft:fly_one_cm":13226},"minecraft:picked_up":{"minecraft:crafting_table":1,"minecraft:cherry_sapling":1,"minecraft:cherry_log":15,"minecraft:spruce_log":10}},"DataVersion":3465}