{"stats":{"minecraft:killed_by":{"minecraft:skeleton":1},"minecraft:broken":{"minecraft:stone_pickaxe":4,"minecraft:wooden_pickaxe":1},"minecraft:crafted":{"minecraft:cherry_planks":48,"minecraft:wooden_shovel":1,"minecraft:cooked_porkchop":2,"minecraft:crafting_table":3,"minecraft:spruce_planks":44,"minecraft:wooden_pickaxe":1,"minecraft:cooked_chicken":1,"minecraft:furnace":5,"minecraft:copper_ingot":10,"minecraft:stone_axe":1,"minecraft:bread":51,"minecraft:air":0,"minecraft:shield":2,"minecraft:stick":28,"minecraft:iron_ingot":2,"minecraft:stone_pickaxe":4,"minecraft:wooden_axe":1,"minecraft:stone_sword":1,"minecraft:torch":48,"minecraft:wheat":162},"minecraft:used":{"minecraft:diorite":23,"minecraft:stone_sword":85,"minecraft:armor_stand":1,"minecraft:stone_pickaxe":604,"minecraft:light_gray_carpet":3,"minecraft:wooden_pickaxe":59,"minecraft:shield":18,"minecraft:cherry_planks":12,"minecraft:wooden_shovel":13,"minecraft:cooked_chicken":1,"minecraft:torch":36,"minecraft:dirt":3,"minecraft:crafting_table":6,"minecraft:oak_log":1,"minecraft:wooden_axe":8,"minecraft:bread":11,"minecraft:stone_axe":31,"minecraft:cobblestone":63,"minecraft:furnace":6,"minecraft:cooked_porkchop":3,"tombstone:gift":2,"minecraft:egg":1,"minecraft:cherry_log":3},"minecraft:dropped":{"minecraft:bread":26,"minecraft:wheat_seeds":3,"minecraft:cooked_porkchop":2,"minecraft:coal":3,"supplementaries:ash":1,"minecraft:shield":1,"minecraft:torch":1,"minecraft:arrow":2},"minecraft:mined":{"minecraft:tuff":20,"minecraft:cherry_log":15,"minecraft:powder_snow":25,"minecraft:crafting_table":3,"minecraft:torch":2,"minecraft:grass_block":1,"minecraft:tall_grass":4,"minecraft:copper_ore":26,"minecraft:cobblestone":6,"minecraft:spruce_leaves":10,"minecraft:diorite":120,"minecraft:blue_bed":1,"minecraft:hay_block":19,"minecraft:furnace":1,"minecraft:iron_ore":7,"minecraft:spruce_log":39,"minecraft:grass":38,"minecraft:oak_log":8,"minecraft:coal_ore":81,"minecraft:cherry_leaves":5,"minecraft:dirt":9,"minecraft:cobweb":7,"minecraft:stone":395,"minecraft:stone_bricks":3,"minecraft:fern":14},"minecraft:custom":{"minecraft:interact_with_furnace":25,"minecraft:mob_kills":17,"minecraft:interact_with_crafting_table":16,"minecraft:open_barrel":8,"minecraft:damage_dealt_resisted":10,"minecraft:leave_game":2,"minecraft:time_since_death":45722,"minecraft:climb_one_cm":2602,"minecraft:time_since_rest":44798,"minecraft:sprint_one_cm":131259,"minecraft:damage_taken":1122,"minecraft:walk_one_cm":251153,"minecraft:damage_blocked_by_shield":1142,"minecraft:drop":9,"minecraft:damage_dealt":3522,"minecraft:swim_one_cm":8604,"minecraft:fly_one_cm":205778,"minecraft:open_chest":12,"minecraft:crouch_one_cm":54861,"minecraft:play_time":100373,"tombstone:undead_killed":12,"minecraft:deaths":1,"minecraft:sneak_time":19092,"minecraft:walk_under_water_one_cm":1392,"minecraft:interact_with_brewingstand":3,"minecraft:jump":1847,"minecraft:walk_on_water_one_cm":3273,"minecraft:total_world_time":100373,"minecraft:interact_with_smoker":5,"minecraft:fall_one_cm":32845},"minecraft:killed":{"enderzoology:fallen_knight":1,"born_in_chaos_v1:restless_spirit":1,"born_in_chaos_v1:siamese_skeletonsright":1,"enderzoology:fallen_mount":1,"born_in_chaos_v1:decrepit_skeleton":1,"born_in_chaos_v1:maggot":2,"creeperoverhaul:snowy_creeper":1,"minecraft:skeleton":3,"minecraft:zombie":4,"born_in_chaos_v1:dark_vortex":1,"born_in_chaos_v1:siamese_skeletonsleft":1},"minecraft:picked_up":{"born_in_chaos_v1:fused_bone":2,"minecraft:crafting_table":3,"minecraft:potion":1,"minecraft:enchanted_book":1,"minecraft:tuff":19,"minecraft:oak_log":8,"minecraft:string":4,"tombstone:gift":1,"minecraft:dirt":10,"minecraft:blue_bed":1,"minecraft:raw_copper":92,"minecraft:armor_stand":1,"minecraft:white_carpet":2,"minecraft:bone":6,"minecraft:stone_bricks":3,"minecraft:wheat_seeds":3,"minecraft:stone_pickaxe":1,"minecraft:egg":2,"minecraft:furnace":1,"minecraft:raw_iron":6,"minecraft:stick":1,"minecraft:cooked_porkchop":3,"minecraft:torch":3,"born_in_chaos_v1:ethereal_spirit":1,"born_in_chaos_v1:dark_rod":2,"minecraft:cherry_log":15,"minecraft:spruce_sapling":1,"minecraft:diorite":111,"minecraft:spruce_log":37,"minecraft:arrow":2,"minecraft:rotten_flesh":1,"minecraft:hay_block":18,"minecraft:cherry_sapling":1,"supplementaries:ash":1,"minecraft:light_gray_carpet":3,"minecraft:coal":87,"minecraft:white_wool":2,"minecraft:cobblestone":373}},"DataVersion":3465}