{"stats":{"minecraft:custom":{"minecraft:interact_with_smithing_table":1,"minecraft:mob_kills":45,"minecraft:interact_with_crafting_table":61,"minecraft:open_barrel":28,"goblintraders:trade_with_goblin":12,"minecraft:bell_ring":1,"minecraft:damage_dealt_resisted":10,"minecraft:leave_game":7,"minecraft:time_since_death":146345,"minecraft:climb_one_cm":17758,"minecraft:sprint_one_cm":712698,"minecraft:walk_one_cm":656343,"minecraft:damage_blocked_by_shield":2131,"minecraft:drop":41,"minecraft:talked_to_villager":2,"minecraft:play_time":293675,"minecraft:deaths":2,"minecraft:sneak_time":31784,"minecraft:walk_under_water_one_cm":15231,"minecraft:jump":7439,"minecraft:interact_with_brewingstand":4,"minecraft:walk_on_water_one_cm":41868,"minecraft:total_world_time":293675,"minecraft:interact_with_furnace":60,"tombstone:raider_killed":8,"minecraft:tune_noteblock":6,"minecraft:sleep_in_bed":12,"minecraft:time_since_rest":49797,"minecraft:damage_taken":3336,"minecraft:damage_dealt":10204,"minecraft:swim_one_cm":106898,"minecraft:fly_one_cm":1266997,"minecraft:open_chest":149,"minecraft:crouch_one_cm":103212,"tombstone:undead_killed":24,"minecraft:interact_with_smoker":15,"minecraft:fall_one_cm":170071,"minecraft:inspect_dispenser":2},"minecraft:picked_up":{"minecraft:crafting_table":3,"minecraft:wheat":1,"illagerinvasion:platinum_chunk":2,"minecraft:enchanted_book":2,"minecraft:potion":1,"born_in_chaos_v1:bloody_gadfly_eye":1,"minecraft:cornflower":3,"minecraft:string":8,"minecraft:raw_copper":92,"minecraft:white_carpet":2,"minecraft:armor_stand":1,"minecraft:item_frame":9,"minecraft:experience_bottle":1,"minecraft:sea_pickle":2,"minecraft:cracked_stone_bricks":5,"minecraft:gold_nugget":64,"minecraft:spruce_planks":3,"minecraft:iron_pickaxe":1,"minecraft:egg":4,"minecraft:furnace":1,"minecraft:stick":20,"minecraft:raw_iron":57,"minecraft:torch":11,"tombstone:grave_dust":2,"minecraft:cherry_log":15,"minecraft:diorite":111,"minecraft:redstone":39,"minecraft:arrow":2,"minecraft:rotten_flesh":11,"minecraft:hay_block":33,"minecraft:iron_block":1,"minecraft:gold_ingot":2,"supplementaries:ash":5,"minecraft:cracked_deepslate_tiles":1,"minecraft:cobblestone":422,"minecraft:white_wool":43,"minecraft:oxeye_daisy":1,"born_in_chaos_v1:fused_bone":2,"born_in_chaos_v1:corpse_maggot":5,"minecraft:andesite":19,"minecraft:smoker":1,"minecraft:red_mushroom":1,"scalinghealth:heart_crystal":2,"minecraft:tuff":19,"minecraft:oak_log":28,"scalinghealth:bandages":2,"minecraft:gunpowder":2,"minecraft:blue_bed":13,"minecraft:dirt":64,"tombstone:gift":1,"minecraft:bone":20,"minecraft:stone_bricks":9,"minecraft:wheat_seeds":31,"minecraft:stone_pickaxe":1,"minecraft:iron_ingot":2,"minecraft:book":3,"scalinghealth:heart_crystal_shard":3,"minecraft:cooked_porkchop":3,"minecraft:chiseled_stone_bricks":1,"born_in_chaos_v1:ethereal_spirit":2,"minecraft:sand":12,"minecraft:amethyst_shard":4,"born_in_chaos_v1:dark_rod":2,"minecraft:spruce_sapling":25,"minecraft:spruce_log":214,"minecraft:spruce_door":3,"minecraft:bundle":1,"minecraft:painting":1,"minecraft:bone_meal":1,"minecraft:cherry_sapling":1,"minecraft:emerald":5,"minecraft:light_gray_carpet":3,"minecraft:coal":119},"minecraft:used":{"minecraft:stone_sword":150,"minecraft:iron_shovel":40,"minecraft:armor_stand":1,"minecraft:ladder":8,"minecraft:light_gray_carpet":3,"minecraft:chest":2,"minecraft:spruce_planks":111,"minecraft:shield":42,"minecraft:iron_sword":52,"minecraft:wooden_shovel":13,"minecraft:cooked_chicken":1,"minecraft:iron_chestplate":1,"minecraft:torch":88,"minecraft:dirt":29,"scalinghealth:heart_crystal":2,"minecraft:glass":12,"minecraft:wooden_axe":8,"minecraft:lantern":2,"minecraft:iron_helmet":1,"minecraft:iron_boots":1,"minecraft:stone_bricks":3,"minecraft:furnace":7,"tombstone:gift":4,"minecraft:egg":1,"minecraft:cooked_beef":2,"minecraft:cherry_log":3,"minecraft:iron_leggings":1,"minecraft:diorite":23,"minecraft:spruce_door":5,"minecraft:stone_pickaxe":625,"minecraft:wooden_pickaxe":59,"minecraft:cherry_planks":12,"artifacts:eternal_steak":8,"minecraft:blue_bed":13,"minecraft:cracked_stone_bricks":4,"minecraft:crafting_table":8,"minecraft:smoker":1,"justhammers:iron_hammer":1,"minecraft:spruce_log":147,"minecraft:lightning_rod":1,"minecraft:oak_log":14,"minecraft:string":1,"minecraft:bread":57,"minecraft:iron_pickaxe":154,"minecraft:spruce_sapling":17,"minecraft:stone_axe":253,"minecraft:cobblestone":177,"minecraft:cooked_porkchop":3},"minecraft:broken":{"minecraft:wooden_pickaxe":1,"minecraft:stone_pickaxe":4,"minecraft:stone_axe":2},"minecraft:killed":{"irons_spellbooks:summoned_zombie":3,"minecraft:witch":1,"born_in_chaos_v1:restless_spirit":2,"born_in_chaos_v1:siamese_skeletonsright":1,"enderzoology:fallen_mount":1,"born_in_chaos_v1:maggot":6,"creeperoverhaul:snowy_creeper":1,"minecraft:skeleton":5,"born_in_chaos_v1:corpse_fish":1,"enderzoology:fallen_knight":1,"irons_spellbooks:necromancer":1,"born_in_chaos_v1:decrepit_skeleton":3,"born_in_chaos_v1:bloody_gadfly":1,"minecraft:pillager":7,"minecraft:zombie":8,"born_in_chaos_v1:corpse_fly":1,"born_in_chaos_v1:dark_vortex":1,"born_in_chaos_v1:siamese_skeletonsleft":1},"minecraft:mined":{"minecraft:tuff":20,"minecraft:spruce_planks":3,"minecraft:cherry_log":15,"minecraft:grass_block":49,"minecraft:spruce_leaves":25,"minecraft:red_mushroom":1,"minecraft:oxeye_daisy":1,"minecraft:chiseled_stone_bricks":1,"minecraft:hay_block":34,"minecraft:redstone_ore":2,"minecraft:spruce_sapling":1,"minecraft:furnace":1,"minecraft:iron_ore":49,"minecraft:andesite":22,"minecraft:dirt_path":1,"minecraft:deepslate_iron_ore":10,"minecraft:stone":432,"minecraft:iron_block":1,"minecraft:tripwire":1,"scalinghealth:heart_crystal_ore":1,"minecraft:deepslate_redstone_ore":1,"minecraft:smoker":1,"minecraft:amethyst_cluster":1,"minecraft:spruce_door":2,"minecraft:dandelion":1,"minecraft:powder_snow":25,"minecraft:cornflower":2,"minecraft:crafting_table":3,"minecraft:torch":3,"minecraft:tall_grass":64,"minecraft:copper_ore":26,"minecraft:cobblestone":16,"minecraft:deepslate_coal_ore":14,"minecraft:wall_torch":2,"minecraft:diorite":120,"minecraft:blue_bed":13,"supplementaries:urn":4,"minecraft:spruce_log":217,"minecraft:birch_leaves":1,"minecraft:cracked_deepslate_tiles":1,"minecraft:grass":180,"minecraft:oak_log":28,"minecraft:coal_ore":98,"minecraft:cherry_leaves":5,"minecraft:sand":12,"minecraft:dirt":17,"minecraft:cobweb":7,"minecraft:cracked_stone_bricks":4,"minecraft:stone_bricks":12,"minecraft:oak_leaves":1,"minecraft:fern":15},"minecraft:killed_by":{"minecraft:pillager":1,"minecraft:skeleton":1},"minecraft:crafted":{"minecraft:cherry_planks":48,"artifacts:eternal_steak":2,"minecraft:oak_planks":12,"minecraft:iron_nugget":18,"minecraft:cooked_chicken":1,"minecraft:lightning_rod":1,"minecraft:furnace":6,"minecraft:glass":12,"minecraft:lantern":2,"minecraft:iron_axe":1,"minecraft:ladder":12,"minecraft:stone_pickaxe":4,"minecraft:chest":2,"minecraft:wheat":297,"minecraft:wooden_shovel":1,"minecraft:cooked_porkchop":2,"minecraft:crafting_table":5,"minecraft:spruce_planks":212,"minecraft:iron_helmet":1,"minecraft:wooden_pickaxe":1,"minecraft:iron_sword":1,"minecraft:spruce_door":6,"minecraft:copper_ingot":10,"minecraft:stone_axe":3,"minecraft:bread":93,"minecraft:air":0,"justhammers:iron_hammer":1,"minecraft:iron_chestplate":1,"minecraft:shield":3,"minecraft:stick":64,"minecraft:iron_pickaxe":1,"born_in_chaos_v1:smoked_flesh":18,"minecraft:iron_ingot":55,"minecraft:wooden_axe":1,"minecraft:stone_sword":2,"minecraft:iron_shovel":1,"minecraft:white_bed":1,"minecraft:torch":92},"minecraft:dropped":{"minecraft:bread":26,"minecraft:wheat_seeds":4,"minecraft:cooked_porkchop":2,"scalinghealth:heart_crystal_shard":2,"minecraft:spruce_door":2,"minecraft:coal":3,"minecraft:cobweb":3,"minecraft:diorite":56,"minecraft:torch":2,"minecraft:wooden_axe":1,"tombstone:grave_dust":1,"minecraft:gold_nugget":48,"minecraft:iron_pickaxe":1,"minecraft:redstone":39,"minecraft:bone":1,"minecraft:stone_axe":1,"minecraft:stone_sword":1,"born_in_chaos_v1:ethereal_spirit":1,"minecraft:raw_iron":2,"minecraft:rotten_flesh":10,"minecraft:white_bed":1,"supplementaries:ash":5,"minecraft:shield":1,"minecraft:sea_pickle":2,"minecraft:bundle":1,"minecraft:spruce_planks":3,"born_in_chaos_v1:corpse_maggot":1,"minecraft:wooden_shovel":1,"minecraft:stone_bricks":2,"minecraft:arrow":2}},"DataVersion":3465}