{"stats":{"minecraft:broken":{"minecraft:stone_pickaxe":1},"minecraft:crafted":{"minecraft:cherry_planks":48,"minecraft:wooden_shovel":1,"minecraft:cooked_porkchop":2,"minecraft:crafting_table":1,"minecraft:spruce_planks":40,"minecraft:stick":16,"minecraft:wooden_pickaxe":1,"minecraft:stone_pickaxe":1,"minecraft:wooden_axe":1,"minecraft:stone_sword":1,"minecraft:furnace":1,"minecraft:torch":12,"minecraft:air":0},"minecraft:used":{"minecraft:wooden_axe":8,"minecraft:stone_pickaxe":131,"minecraft:wooden_pickaxe":38,"minecraft:cherry_planks":12,"minecraft:wooden_shovel":13,"minecraft:torch":3,"minecraft:cobblestone":12,"minecraft:crafting_table":2,"minecraft:furnace":2,"minecraft:cooked_porkchop":1,"minecraft:cherry_log":3},"minecraft:dropped":{"minecraft:cooked_porkchop":2,"minecraft:coal":3},"minecraft:mined":{"minecraft:tuff":20,"minecraft:furnace":1,"minecraft:cherry_log":15,"minecraft:spruce_log":16,"minecraft:powder_snow":24,"minecraft:crafting_table":2,"minecraft:coal_ore":13,"minecraft:cherry_leaves":5,"minecraft:copper_ore":7,"minecraft:spruce_leaves":9,"minecraft:stone":127},"minecraft:custom":{"minecraft:time_since_rest":18711,"minecraft:sprint_one_cm":12452,"minecraft:interact_with_furnace":5,"minecraft:damage_taken":120,"minecraft:walk_one_cm":23535,"minecraft:drop":3,"minecraft:interact_with_crafting_table":6,"minecraft:fly_one_cm":25504,"minecraft:crouch_one_cm":15423,"minecraft:play_time":18711,"minecraft:sneak_time":6889,"minecraft:jump":253,"minecraft:time_since_death":18711,"minecraft:total_world_time":18711,"minecraft:fall_one_cm":7136},"minecraft:picked_up":{"minecraft:stick":1,"minecraft:crafting_table":2,"minecraft:cooked_porkchop":3,"minecraft:tuff":19,"minecraft:cherry_log":15,"minecraft:spruce_sapling":1,"minecraft:spruce_log":16,"minecraft:raw_copper":26,"minecraft:cherry_sapling":1,"minecraft:coal":21,"minecraft:cobblestone":122,"minecraft:furnace":1}},"DataVersion":3465}