{"stats":{"minecraft:broken":{"minecraft:stone_pickaxe":2,"minecraft:wooden_pickaxe":1},"minecraft:crafted":{"minecraft:cherry_planks":48,"minecraft:wooden_shovel":1,"minecraft:cooked_porkchop":2,"minecraft:crafting_table":3,"minecraft:spruce_planks":40,"minecraft:stick":16,"minecraft:wooden_pickaxe":1,"minecraft:stone_pickaxe":3,"minecraft:wooden_axe":1,"minecraft:stone_sword":1,"minecraft:furnace":1,"minecraft:torch":12,"minecraft:air":0},"minecraft:used":{"minecraft:wooden_axe":8,"minecraft:diorite":9,"minecraft:stone_pickaxe":348,"minecraft:wooden_pickaxe":59,"minecraft:cherry_planks":12,"minecraft:wooden_shovel":13,"minecraft:torch":12,"minecraft:cobblestone":19,"minecraft:crafting_table":4,"minecraft:furnace":2,"minecraft:cooked_porkchop":2,"minecraft:cherry_log":3},"minecraft:dropped":{"minecraft:cooked_porkchop":2,"minecraft:coal":3},"minecraft:mined":{"minecraft:tuff":20,"minecraft:furnace":1,"minecraft:iron_ore":2,"minecraft:cherry_log":15,"minecraft:spruce_log":16,"minecraft:powder_snow":24,"minecraft:crafting_table":2,"minecraft:coal_ore":28,"minecraft:cherry_leaves":5,"minecraft:copper_ore":26,"minecraft:spruce_leaves":9,"minecraft:stone":213,"minecraft:diorite":116},"minecraft:custom":{"minecraft:time_since_rest":34256,"minecraft:sprint_one_cm":23696,"minecraft:interact_with_furnace":5,"minecraft:damage_taken":120,"minecraft:walk_one_cm":57056,"minecraft:drop":3,"minecraft:interact_with_crafting_table":8,"minecraft:fly_one_cm":36853,"minecraft:crouch_one_cm":30818,"minecraft:play_time":34256,"minecraft:sneak_time":13357,"minecraft:jump":405,"minecraft:leave_game":1,"minecraft:time_since_death":34256,"minecraft:total_world_time":34256,"minecraft:fall_one_cm":9985},"minecraft:picked_up":{"minecraft:raw_iron":2,"minecraft:stick":1,"minecraft:crafting_table":2,"minecraft:cooked_porkchop":3,"minecraft:tuff":19,"minecraft:diorite":106,"minecraft:cherry_log":15,"minecraft:spruce_sapling":1,"minecraft:spruce_log":16,"minecraft:raw_copper":92,"minecraft:cherry_sapling":1,"minecraft:coal":35,"minecraft:cobblestone":194,"minecraft:furnace":1}},"DataVersion":3465}