{"stats":{"minecraft:killed_by":{"minecraft:skeleton":1},"minecraft:broken":{"minecraft:stone_pickaxe":4,"minecraft:wooden_pickaxe":1},"minecraft:crafted":{"minecraft:cherry_planks":48,"minecraft:wooden_shovel":1,"minecraft:cooked_porkchop":2,"minecraft:crafting_table":3,"minecraft:spruce_planks":44,"minecraft:wooden_pickaxe":1,"minecraft:furnace":5,"minecraft:copper_ingot":10,"minecraft:stone_axe":1,"minecraft:air":0,"minecraft:shield":2,"minecraft:stick":28,"minecraft:iron_ingot":2,"minecraft:stone_pickaxe":4,"minecraft:wooden_axe":1,"minecraft:stone_sword":1,"minecraft:torch":48},"minecraft:used":{"minecraft:diorite":23,"minecraft:stone_sword":32,"minecraft:stone_pickaxe":596,"minecraft:light_gray_carpet":3,"minecraft:wooden_pickaxe":59,"minecraft:shield":10,"minecraft:cherry_planks":12,"minecraft:wooden_shovel":13,"minecraft:torch":36,"minecraft:crafting_table":5,"minecraft:wooden_axe":8,"minecraft:stone_axe":1,"minecraft:cobblestone":63,"minecraft:furnace":6,"minecraft:cooked_porkchop":3,"minecraft:egg":1,"minecraft:cherry_log":3},"minecraft:dropped":{"minecraft:cooked_porkchop":2,"minecraft:coal":3,"minecraft:shield":1,"minecraft:torch":1},"minecraft:killed":{"born_in_chaos_v1:restless_spirit":1,"born_in_chaos_v1:siamese_skeletonsright":1,"creeperoverhaul:snowy_creeper":1,"minecraft:skeleton":2,"minecraft:zombie":1,"born_in_chaos_v1:dark_vortex":1,"born_in_chaos_v1:siamese_skeletonsleft":1},"minecraft:mined":{"minecraft:tuff":20,"minecraft:cherry_log":15,"minecraft:powder_snow":25,"minecraft:crafting_table":3,"minecraft:torch":2,"minecraft:cobblestone":6,"minecraft:copper_ore":26,"minecraft:spruce_leaves":10,"minecraft:diorite":120,"minecraft:furnace":1,"minecraft:iron_ore":3,"minecraft:spruce_log":18,"minecraft:coal_ore":81,"minecraft:cherry_leaves":5,"minecraft:dirt":7,"minecraft:stone_bricks":2,"minecraft:stone":393},"minecraft:custom":{"minecraft:interact_with_furnace":25,"minecraft:mob_kills":8,"minecraft:interact_with_crafting_table":14,"minecraft:leave_game":1,"minecraft:time_since_death":10491,"minecraft:climb_one_cm":2446,"minecraft:time_since_rest":9567,"minecraft:sprint_one_cm":61647,"minecraft:damage_taken":535,"minecraft:walk_one_cm":164371,"minecraft:damage_blocked_by_shield":800,"minecraft:drop":5,"minecraft:damage_dealt":1612,"minecraft:fly_one_cm":104188,"minecraft:open_chest":1,"minecraft:crouch_one_cm":42355,"minecraft:play_time":65142,"tombstone:undead_killed":5,"minecraft:deaths":1,"minecraft:sneak_time":16956,"minecraft:jump":1037,"minecraft:interact_with_brewingstand":1,"minecraft:total_world_time":65142,"minecraft:fall_one_cm":19005},"minecraft:picked_up":{"born_in_chaos_v1:fused_bone":2,"minecraft:crafting_table":3,"minecraft:tuff":19,"minecraft:dirt":7,"minecraft:raw_copper":92,"minecraft:white_carpet":2,"minecraft:bone":1,"minecraft:stone_bricks":2,"minecraft:stone_pickaxe":1,"minecraft:egg":1,"minecraft:furnace":1,"minecraft:stick":1,"minecraft:raw_iron":2,"minecraft:cooked_porkchop":3,"minecraft:torch":3,"born_in_chaos_v1:ethereal_spirit":1,"born_in_chaos_v1:dark_rod":2,"minecraft:cherry_log":15,"minecraft:spruce_sapling":1,"minecraft:diorite":111,"minecraft:spruce_log":18,"minecraft:rotten_flesh":1,"minecraft:cherry_sapling":1,"minecraft:light_gray_carpet":3,"minecraft:coal":87,"minecraft:white_wool":2,"minecraft:cobblestone":371}},"DataVersion":3465}