{"stats":{"minecraft:custom":{"minecraft:time_since_rest":1472,"minecraft:open_chest":1,"minecraft:crouch_one_cm":1455,"minecraft:deaths":1,"minecraft:sprint_one_cm":19503,"minecraft:play_time":42682,"minecraft:damage_taken":10,"minecraft:walk_one_cm":4066,"minecraft:sneak_time":796,"minecraft:walk_under_water_one_cm":85,"minecraft:jump":314,"minecraft:leave_game":4,"minecraft:time_since_death":1558,"minecraft:walk_on_water_one_cm":2893,"minecraft:total_world_time":42682,"minecraft:swim_one_cm":9074,"minecraft:fall_one_cm":7967,"minecraft:fly_one_cm":106706},"minecraft:picked_up":{"minecraft:flint_and_steel":1,"minecraft:crafting_table":1,"minecraft:stick":12,"artifacts:cowboy_hat":1,"minecraft:gold_nugget":7,"minecraft:oak_log":9,"minecraft:grass_block":1,"minecraft:oak_sapling":4,"minecraft:oak_planks":30,"minecraft:obsidian":2,"alexsmobs:animal_dictionary":1,"minecraft:egg":2},"minecraft:used":{"minecraft:oak_sapling":1,"minecraft:grass_block":2,"alexsmobs:animal_dictionary":1,"minecraft:cooked_beef":4},"minecraft:mined":{"minecraft:grass":1,"minecraft:oak_log":9,"minecraft:tall_grass":5,"minecraft:oak_leaves":2},"minecraft:crafted":{"minecraft:oak_planks":36,"minecraft:crafting_table":1,"minecraft:stick":4}},"DataVersion":3465}