{"stats":{"minecraft:custom":{"minecraft:interact_with_smithing_table":1,"minecraft:mob_kills":80,"minecraft:interact_with_crafting_table":74,"minecraft:open_barrel":32,"goblintraders:trade_with_goblin":43,"minecraft:bell_ring":1,"minecraft:damage_dealt_resisted":10,"minecraft:leave_game":9,"minecraft:time_since_death":208895,"minecraft:climb_one_cm":22838,"minecraft:sprint_one_cm":831752,"minecraft:walk_one_cm":752974,"minecraft:damage_blocked_by_shield":2251,"minecraft:drop":56,"minecraft:talked_to_villager":3,"minecraft:play_time":356225,"minecraft:sneak_time":37816,"minecraft:deaths":2,"minecraft:walk_under_water_one_cm":19418,"minecraft:interact_with_brewingstand":4,"minecraft:jump":9276,"minecraft:walk_on_water_one_cm":69132,"minecraft:total_world_time":356225,"minecraft:interact_with_furnace":60,"tombstone:raider_killed":8,"minecraft:tune_noteblock":6,"minecraft:sleep_in_bed":19,"minecraft:time_since_rest":1824,"minecraft:damage_taken":4379,"minecraft:damage_dealt":17807,"minecraft:swim_one_cm":155677,"minecraft:fly_one_cm":1589831,"minecraft:crouch_one_cm":124059,"minecraft:open_chest":179,"tombstone:undead_killed":49,"minecraft:fall_one_cm":212572,"minecraft:interact_with_smoker":16,"minecraft:inspect_dispenser":2},"minecraft:picked_up":{"minecraft:crafting_table":3,"minecraft:wheat":1,"illagerinvasion:platinum_chunk":2,"minecraft:potion":1,"minecraft:enchanted_book":2,"born_in_chaos_v1:bloody_gadfly_eye":1,"minecraft:cornflower":3,"minecraft:string":8,"minecraft:raw_copper":92,"minecraft:item_frame":9,"minecraft:armor_stand":1,"minecraft:white_carpet":2,"minecraft:experience_bottle":1,"minecraft:blackstone":1,"minecraft:sea_pickle":2,"minecraft:cracked_stone_bricks":5,"minecraft:gold_nugget":75,"minecraft:cobbled_deepslate":5,"minecraft:spruce_planks":3,"minecraft:beef":8,"minecraft:iron_pickaxe":1,"minecraft:furnace":1,"minecraft:egg":4,"minecraft:stick":20,"minecraft:raw_iron":115,"minecraft:torch":20,"minecraft:cherry_log":15,"tombstone:grave_dust":5,"minecraft:diorite":111,"minecraft:redstone":52,"minecraft:arrow":5,"minecraft:rotten_flesh":16,"minecraft:hay_block":33,"minecraft:iron_block":1,"minecraft:gold_ingot":2,"supplementaries:ash":30,"minecraft:cracked_deepslate_tiles":2,"minecraft:white_wool":43,"minecraft:cobblestone":435,"minecraft:oxeye_daisy":1,"born_in_chaos_v1:fused_bone":2,"born_in_chaos_v1:corpse_maggot":5,"minecraft:andesite":19,"minecraft:leather":5,"minecraft:smoker":1,"minecraft:red_mushroom":1,"minecraft:tuff":19,"minecraft:oak_log":28,"scalinghealth:bandages":4,"supplementaries:flax_seeds":1,"minecraft:gunpowder":2,"scalinghealth:heart_crystal":3,"minecraft:lapis_lazuli":77,"minecraft:dirt":64,"minecraft:blue_bed":14,"minecraft:lantern":1,"tombstone:gift":1,"minecraft:bone":34,"minecraft:stone_bricks":9,"minecraft:wheat_seeds":35,"minecraft:raw_gold":3,"minecraft:iron_ingot":5,"minecraft:stone_pickaxe":1,"minecraft:book":4,"scalinghealth:heart_crystal_shard":3,"minecraft:cooked_porkchop":3,"minecraft:chiseled_stone_bricks":1,"born_in_chaos_v1:ethereal_spirit":3,"minecraft:sand":12,"born_in_chaos_v1:dark_rod":4,"minecraft:amethyst_shard":4,"minecraft:spruce_sapling":25,"minecraft:spruce_log":217,"minecraft:spruce_door":3,"minecraft:bundle":1,"minecraft:polished_andesite":8,"minecraft:diamond":13,"minecraft:painting":1,"minecraft:bone_meal":1,"minecraft:cherry_sapling":1,"minecraft:emerald":5,"tombstone:magic_scroll":1,"born_in_chaos_v1:rotten_fish":1,"minecraft:light_gray_carpet":3,"minecraft:melon_seeds":8,"minecraft:coal":123},"minecraft:used":{"minecraft:cherry_sapling":1,"minecraft:stone_sword":150,"minecraft:iron_shovel":40,"minecraft:armor_stand":1,"minecraft:ladder":8,"minecraft:light_gray_carpet":3,"minecraft:chest":2,"minecraft:spruce_planks":111,"minecraft:shield":46,"minecraft:iron_sword":199,"minecraft:wooden_shovel":13,"minecraft:cooked_chicken":1,"minecraft:torch":152,"minecraft:iron_chestplate":1,"minecraft:dirt":29,"scalinghealth:heart_crystal":3,"minecraft:cracked_deepslate_tiles":1,"minecraft:glass":12,"minecraft:wooden_axe":8,"minecraft:lantern":3,"minecraft:iron_axe":3,"minecraft:iron_helmet":1,"minecraft:iron_boots":1,"minecraft:stone_bricks":3,"minecraft:furnace":7,"tombstone:gift":4,"minecraft:egg":1,"minecraft:cooked_beef":2,"minecraft:cherry_log":3,"minecraft:iron_leggings":1,"minecraft:diorite":23,"minecraft:spruce_door":5,"artifacts:eternal_steak":8,"minecraft:stone_pickaxe":625,"minecraft:wooden_pickaxe":59,"minecraft:polished_andesite":8,"minecraft:blue_bed":14,"minecraft:cherry_planks":12,"minecraft:cracked_stone_bricks":4,"minecraft:crafting_table":8,"minecraft:spruce_log":150,"justhammers:iron_hammer":1,"minecraft:smoker":1,"minecraft:lightning_rod":1,"minecraft:oak_log":14,"minecraft:oxeye_daisy":1,"minecraft:cornflower":3,"minecraft:iron_pickaxe":253,"minecraft:string":1,"minecraft:bread":76,"minecraft:stone_axe":253,"minecraft:spruce_sapling":17,"minecraft:cobblestone":266,"minecraft:cooked_porkchop":3,"alexsmobs:animal_dictionary":1},"minecraft:broken":{"minecraft:wooden_pickaxe":1,"minecraft:stone_pickaxe":4,"minecraft:stone_axe":2},"minecraft:killed":{"born_in_chaos_v1:zombie_clown":1,"irons_spellbooks:summoned_zombie":9,"minecraft:witch":1,"born_in_chaos_v1:restless_spirit":3,"born_in_chaos_v1:siamese_skeletonsright":1,"enderzoology:fallen_mount":1,"born_in_chaos_v1:maggot":8,"creeperoverhaul:snowy_creeper":1,"minecraft:skeleton":11,"born_in_chaos_v1:corpse_fish":3,"irons_spellbooks:summoned_skeleton":4,"enderzoology:fallen_knight":1,"irons_spellbooks:necromancer":3,"born_in_chaos_v1:decrepit_skeleton":3,"minecraft:pillager":7,"born_in_chaos_v1:bloody_gadfly":1,"minecraft:zombie":14,"born_in_chaos_v1:corpse_fly":1,"born_in_chaos_v1:dark_vortex":2,"born_in_chaos_v1:siamese_skeletonsleft":1,"minecraft:cow":3},"minecraft:mined":{"minecraft:tuff":21,"minecraft:spruce_planks":3,"minecraft:deepslate_diamond_ore":5,"minecraft:cherry_log":15,"minecraft:grass_block":49,"minecraft:spruce_leaves":25,"minecraft:red_mushroom":1,"minecraft:oxeye_daisy":1,"minecraft:chiseled_stone_bricks":1,"minecraft:large_fern":1,"minecraft:hay_block":34,"minecraft:redstone_ore":2,"minecraft:spruce_sapling":1,"minecraft:furnace":1,"minecraft:iron_ore":66,"minecraft:andesite":22,"minecraft:deepslate_lapis_ore":13,"minecraft:dirt_path":1,"minecraft:deepslate_iron_ore":31,"minecraft:stone":434,"minecraft:iron_block":1,"scalinghealth:heart_crystal_ore":1,"minecraft:tripwire":1,"minecraft:deepslate_redstone_ore":4,"minecraft:blackstone":12,"minecraft:smoker":1,"minecraft:amethyst_cluster":1,"minecraft:dandelion":1,"minecraft:powder_snow":25,"minecraft:spruce_door":2,"minecraft:cornflower":2,"minecraft:crafting_table":3,"minecraft:torch":4,"minecraft:copper_ore":26,"minecraft:tall_grass":64,"minecraft:cobblestone":27,"minecraft:deepslate_coal_ore":14,"minecraft:deepslate_gold_ore":3,"minecraft:diorite":120,"minecraft:blue_bed":14,"minecraft:wall_torch":2,"supplementaries:urn":20,"graveyard:vase_block":3,"minecraft:spruce_log":220,"minecraft:birch_leaves":1,"minecraft:cracked_deepslate_tiles":1,"minecraft:grass":186,"minecraft:coal_ore":98,"minecraft:oak_log":28,"minecraft:cherry_leaves":5,"minecraft:sand":12,"minecraft:dirt":17,"minecraft:cobweb":9,"minecraft:cracked_stone_bricks":4,"minecraft:stone_bricks":12,"minecraft:polished_andesite":8,"minecraft:deepslate":3,"minecraft:oak_leaves":1,"minecraft:fern":15},"minecraft:killed_by":{"minecraft:pillager":1,"minecraft:skeleton":1},"minecraft:crafted":{"minecraft:cherry_planks":48,"artifacts:eternal_steak":2,"minecraft:oak_planks":12,"minecraft:iron_nugget":18,"minecraft:cooked_chicken":1,"minecraft:lightning_rod":1,"minecraft:furnace":6,"minecraft:glass":12,"minecraft:lantern":2,"minecraft:iron_axe":1,"minecraft:ladder":12,"minecraft:stone_pickaxe":4,"minecraft:chest":3,"sophisticatedbackpacks:iron_backpack":1,"minecraft:wheat":297,"minecraft:wooden_shovel":1,"sophisticatedbackpacks:backpack":1,"minecraft:cooked_porkchop":2,"minecraft:crafting_table":5,"minecraft:spruce_planks":228,"minecraft:iron_helmet":1,"minecraft:wooden_pickaxe":1,"minecraft:iron_sword":1,"minecraft:spruce_door":6,"minecraft:copper_ingot":10,"sophisticatedbackpacks:gold_backpack":1,"minecraft:stone_axe":3,"minecraft:bread":99,"minecraft:air":0,"justhammers:iron_hammer":1,"minecraft:iron_chestplate":1,"minecraft:shield":3,"minecraft:stick":80,"born_in_chaos_v1:smoked_flesh":18,"minecraft:iron_ingot":151,"minecraft:iron_pickaxe":1,"minecraft:wooden_axe":1,"minecraft:iron_block":10,"minecraft:stone_sword":2,"minecraft:iron_shovel":1,"minecraft:gold_ingot":6,"minecraft:white_bed":1,"minecraft:torch":160,"minecraft:lapis_block":8,"minecraft:polished_andesite":16},"minecraft:dropped":{"minecraft:bread":26,"minecraft:wheat_seeds":7,"minecraft:cooked_porkchop":2,"scalinghealth:heart_crystal_shard":2,"minecraft:spruce_door":2,"minecraft:coal":3,"minecraft:cobweb":3,"minecraft:diorite":56,"minecraft:torch":2,"minecraft:wooden_axe":1,"minecraft:cracked_deepslate_tiles":1,"tombstone:grave_dust":1,"minecraft:gold_nugget":48,"minecraft:bone_meal":1,"minecraft:iron_pickaxe":1,"minecraft:string":5,"minecraft:redstone":39,"minecraft:bone":1,"minecraft:stone_axe":1,"minecraft:blackstone":1,"minecraft:stone_sword":1,"minecraft:cobbled_deepslate":5,"minecraft:raw_iron":2,"born_in_chaos_v1:ethereal_spirit":2,"minecraft:rotten_flesh":10,"minecraft:white_bed":1,"supplementaries:flax_seeds":1,"supplementaries:ash":30,"minecraft:shield":1,"minecraft:sea_pickle":2,"minecraft:bundle":1,"minecraft:spruce_planks":3,"minecraft:melon_seeds":4,"born_in_chaos_v1:corpse_maggot":5,"minecraft:wooden_shovel":1,"minecraft:stone_bricks":2,"minecraft:arrow":2,"scalinghealth:bandages":2,"born_in_chaos_v1:dark_rod":1}},"DataVersion":3465}