{"stats":{"minecraft:custom":{"minecraft:interact_with_smithing_table":1,"minecraft:mob_kills":26,"minecraft:interact_with_crafting_table":19,"minecraft:open_barrel":19,"minecraft:bell_ring":1,"minecraft:damage_dealt_resisted":10,"minecraft:leave_game":7,"minecraft:time_since_death":32353,"minecraft:climb_one_cm":9287,"minecraft:sprint_one_cm":472687,"minecraft:walk_one_cm":429276,"minecraft:damage_blocked_by_shield":1974,"minecraft:drop":16,"minecraft:talked_to_villager":1,"minecraft:play_time":179683,"minecraft:deaths":2,"minecraft:sneak_time":21189,"minecraft:walk_under_water_one_cm":2498,"minecraft:jump":4726,"minecraft:interact_with_brewingstand":4,"minecraft:walk_on_water_one_cm":7135,"minecraft:total_world_time":179683,"minecraft:interact_with_furnace":40,"tombstone:raider_killed":7,"minecraft:tune_noteblock":6,"minecraft:sleep_in_bed":6,"minecraft:time_since_rest":10558,"minecraft:damage_taken":2583,"minecraft:damage_dealt":6319,"minecraft:swim_one_cm":31027,"minecraft:fly_one_cm":795281,"minecraft:open_chest":79,"minecraft:crouch_one_cm":60008,"tombstone:undead_killed":12,"minecraft:interact_with_smoker":8,"minecraft:fall_one_cm":103467},"minecraft:picked_up":{"minecraft:crafting_table":3,"illagerinvasion:platinum_chunk":2,"minecraft:enchanted_book":2,"minecraft:potion":1,"born_in_chaos_v1:bloody_gadfly_eye":1,"minecraft:string":4,"minecraft:raw_copper":92,"minecraft:white_carpet":2,"minecraft:armor_stand":1,"minecraft:item_frame":9,"minecraft:experience_bottle":1,"minecraft:sea_pickle":2,"minecraft:egg":2,"minecraft:furnace":1,"minecraft:stick":1,"minecraft:raw_iron":12,"minecraft:torch":3,"minecraft:cherry_log":15,"minecraft:diorite":111,"minecraft:arrow":2,"minecraft:rotten_flesh":1,"minecraft:hay_block":33,"minecraft:gold_ingot":2,"supplementaries:ash":1,"minecraft:cobblestone":377,"minecraft:white_wool":43,"born_in_chaos_v1:fused_bone":2,"born_in_chaos_v1:corpse_maggot":1,"minecraft:red_mushroom":1,"minecraft:tuff":19,"minecraft:oak_log":8,"scalinghealth:bandages":2,"minecraft:blue_bed":11,"minecraft:dirt":12,"tombstone:gift":1,"minecraft:bone":6,"minecraft:stone_bricks":3,"minecraft:wheat_seeds":4,"minecraft:stone_pickaxe":1,"minecraft:iron_ingot":2,"minecraft:book":3,"minecraft:cooked_porkchop":3,"born_in_chaos_v1:ethereal_spirit":1,"minecraft:amethyst_shard":4,"born_in_chaos_v1:dark_rod":2,"minecraft:spruce_sapling":3,"minecraft:spruce_log":37,"minecraft:painting":1,"minecraft:cherry_sapling":1,"minecraft:emerald":5,"minecraft:light_gray_carpet":3,"minecraft:coal":101},"minecraft:used":{"minecraft:stone_sword":130,"minecraft:armor_stand":1,"minecraft:light_gray_carpet":3,"minecraft:shield":36,"minecraft:wooden_shovel":13,"minecraft:cooked_chicken":1,"minecraft:iron_chestplate":1,"minecraft:torch":37,"minecraft:dirt":5,"minecraft:wooden_axe":8,"minecraft:iron_boots":1,"minecraft:stone_bricks":3,"minecraft:furnace":6,"tombstone:gift":4,"minecraft:egg":1,"minecraft:cooked_beef":2,"minecraft:cherry_log":3,"minecraft:iron_leggings":1,"minecraft:diorite":23,"minecraft:stone_pickaxe":625,"minecraft:wooden_pickaxe":59,"minecraft:cherry_planks":12,"artifacts:eternal_steak":4,"minecraft:blue_bed":11,"minecraft:crafting_table":6,"minecraft:oak_log":1,"minecraft:bread":37,"minecraft:iron_pickaxe":7,"minecraft:stone_axe":46,"minecraft:cobblestone":88,"minecraft:cooked_porkchop":3},"minecraft:broken":{"minecraft:wooden_pickaxe":1,"minecraft:stone_pickaxe":4},"minecraft:killed":{"born_in_chaos_v1:restless_spirit":1,"born_in_chaos_v1:siamese_skeletonsright":1,"enderzoology:fallen_mount":1,"born_in_chaos_v1:maggot":3,"creeperoverhaul:snowy_creeper":1,"minecraft:skeleton":3,"enderzoology:fallen_knight":1,"born_in_chaos_v1:decrepit_skeleton":1,"born_in_chaos_v1:bloody_gadfly":1,"minecraft:pillager":7,"minecraft:zombie":4,"born_in_chaos_v1:dark_vortex":1,"born_in_chaos_v1:siamese_skeletonsleft":1},"minecraft:mined":{"minecraft:tuff":20,"minecraft:cherry_log":15,"minecraft:grass_block":2,"minecraft:spruce_leaves":10,"minecraft:red_mushroom":1,"minecraft:hay_block":34,"minecraft:furnace":1,"minecraft:iron_ore":8,"minecraft:deepslate_iron_ore":5,"minecraft:stone":395,"minecraft:amethyst_cluster":1,"minecraft:powder_snow":25,"minecraft:crafting_table":3,"minecraft:torch":2,"minecraft:tall_grass":23,"minecraft:copper_ore":26,"minecraft:cobblestone":10,"minecraft:deepslate_coal_ore":14,"minecraft:diorite":120,"minecraft:blue_bed":11,"minecraft:spruce_log":39,"minecraft:birch_leaves":1,"minecraft:grass":49,"minecraft:oak_log":8,"minecraft:coal_ore":81,"minecraft:cherry_leaves":5,"minecraft:dirt":12,"minecraft:cobweb":7,"minecraft:stone_bricks":6,"minecraft:fern":15},"minecraft:killed_by":{"minecraft:pillager":1,"minecraft:skeleton":1},"minecraft:crafted":{"minecraft:cherry_planks":48,"artifacts:eternal_steak":2,"minecraft:cooked_chicken":1,"minecraft:furnace":5,"minecraft:stone_pickaxe":4,"minecraft:wheat":180,"minecraft:wooden_shovel":1,"minecraft:cooked_porkchop":2,"minecraft:crafting_table":3,"minecraft:spruce_planks":44,"minecraft:wooden_pickaxe":1,"minecraft:copper_ingot":10,"minecraft:stone_axe":1,"minecraft:bread":54,"minecraft:air":0,"minecraft:iron_chestplate":1,"minecraft:shield":2,"minecraft:stick":28,"minecraft:iron_ingot":9,"minecraft:wooden_axe":1,"minecraft:stone_sword":1,"minecraft:torch":48},"minecraft:dropped":{"minecraft:bread":26,"minecraft:wheat_seeds":3,"minecraft:cooked_porkchop":2,"minecraft:coal":3,"minecraft:cobweb":3,"minecraft:diorite":56,"minecraft:torch":1,"minecraft:wooden_axe":1,"supplementaries:ash":1,"minecraft:shield":1,"minecraft:sea_pickle":2,"minecraft:spruce_planks":3,"born_in_chaos_v1:corpse_maggot":1,"minecraft:wooden_shovel":1,"minecraft:arrow":2}},"DataVersion":3465}