{"stats":{"minecraft:killed":{"enderzoology:fallen_knight":1,"born_in_chaos_v1:restless_spirit":1,"born_in_chaos_v1:siamese_skeletonsright":1,"enderzoology:fallen_mount":1,"born_in_chaos_v1:decrepit_skeleton":1,"born_in_chaos_v1:maggot":2,"creeperoverhaul:snowy_creeper":1,"minecraft:skeleton":3,"minecraft:pillager":5,"minecraft:zombie":4,"born_in_chaos_v1:dark_vortex":1,"born_in_chaos_v1:siamese_skeletonsleft":1},"minecraft:picked_up":{"born_in_chaos_v1:fused_bone":2,"minecraft:crafting_table":3,"illagerinvasion:platinum_chunk":2,"minecraft:red_mushroom":1,"minecraft:potion":1,"minecraft:enchanted_book":1,"minecraft:tuff":19,"minecraft:oak_log":8,"minecraft:dirt":12,"minecraft:blue_bed":11,"minecraft:string":4,"tombstone:gift":1,"minecraft:raw_copper":92,"minecraft:armor_stand":1,"minecraft:white_carpet":2,"minecraft:bone":6,"minecraft:stone_bricks":3,"minecraft:sea_pickle":2,"minecraft:wheat_seeds":4,"minecraft:stone_pickaxe":1,"minecraft:furnace":1,"minecraft:egg":2,"minecraft:stick":1,"minecraft:raw_iron":12,"minecraft:cooked_porkchop":3,"minecraft:torch":3,"born_in_chaos_v1:ethereal_spirit":1,"born_in_chaos_v1:dark_rod":2,"minecraft:amethyst_shard":4,"minecraft:cherry_log":15,"minecraft:spruce_sapling":3,"minecraft:diorite":111,"minecraft:spruce_log":37,"minecraft:arrow":2,"minecraft:rotten_flesh":1,"minecraft:hay_block":33,"minecraft:cherry_sapling":1,"minecraft:emerald":4,"supplementaries:ash":1,"minecraft:light_gray_carpet":3,"minecraft:coal":101,"minecraft:white_wool":2,"minecraft:cobblestone":377},"minecraft:mined":{"minecraft:tuff":20,"minecraft:cherry_log":15,"minecraft:amethyst_cluster":1,"minecraft:powder_snow":25,"minecraft:crafting_table":3,"minecraft:torch":2,"minecraft:grass_block":2,"minecraft:copper_ore":26,"minecraft:tall_grass":13,"minecraft:cobblestone":10,"minecraft:deepslate_coal_ore":14,"minecraft:spruce_leaves":10,"minecraft:red_mushroom":1,"minecraft:diorite":120,"minecraft:blue_bed":11,"minecraft:hay_block":34,"minecraft:furnace":1,"minecraft:iron_ore":8,"minecraft:spruce_log":39,"minecraft:birch_leaves":1,"minecraft:grass":48,"minecraft:coal_ore":81,"minecraft:oak_log":8,"minecraft:deepslate_iron_ore":5,"minecraft:cherry_leaves":5,"minecraft:dirt":11,"minecraft:cobweb":7,"minecraft:stone":395,"minecraft:stone_bricks":6,"minecraft:fern":15},"minecraft:custom":{"minecraft:interact_with_furnace":33,"minecraft:mob_kills":22,"tombstone:raider_killed":5,"minecraft:interact_with_crafting_table":18,"minecraft:tune_noteblock":6,"minecraft:open_barrel":16,"minecraft:bell_ring":1,"minecraft:damage_dealt_resisted":10,"minecraft:leave_game":3,"minecraft:time_since_death":12264,"minecraft:sleep_in_bed":5,"minecraft:climb_one_cm":9287,"minecraft:time_since_rest":4322,"minecraft:sprint_one_cm":378988,"minecraft:damage_taken":2377,"minecraft:walk_one_cm":377080,"minecraft:damage_blocked_by_shield":1862,"minecraft:drop":15,"minecraft:damage_dealt":5385,"minecraft:swim_one_cm":27517,"minecraft:fly_one_cm":669913,"minecraft:open_chest":39,"minecraft:crouch_one_cm":60008,"minecraft:play_time":159594,"tombstone:undead_killed":12,"minecraft:deaths":2,"minecraft:sneak_time":21173,"minecraft:walk_under_water_one_cm":1695,"minecraft:interact_with_brewingstand":3,"minecraft:jump":4187,"minecraft:walk_on_water_one_cm":5650,"minecraft:total_world_time":159594,"minecraft:interact_with_smoker":5,"minecraft:fall_one_cm":91093},"minecraft:used":{"minecraft:diorite":23,"minecraft:stone_sword":130,"minecraft:armor_stand":1,"minecraft:stone_pickaxe":625,"minecraft:light_gray_carpet":3,"minecraft:cooked_chicken":1,"minecraft:wooden_pickaxe":59,"minecraft:shield":32,"minecraft:wooden_shovel":13,"minecraft:cherry_planks":12,"minecraft:blue_bed":11,"minecraft:iron_chestplate":1,"minecraft:torch":37,"minecraft:dirt":5,"minecraft:crafting_table":6,"minecraft:oak_log":1,"minecraft:wooden_axe":8,"minecraft:iron_pickaxe":7,"minecraft:bread":37,"minecraft:stone_bricks":3,"minecraft:stone_axe":31,"minecraft:cobblestone":88,"minecraft:furnace":6,"minecraft:cooked_porkchop":3,"tombstone:gift":2,"minecraft:egg":1,"minecraft:cooked_beef":2,"minecraft:cherry_log":3},"minecraft:dropped":{"minecraft:bread":26,"minecraft:wheat_seeds":3,"minecraft:cooked_porkchop":2,"minecraft:coal":3,"minecraft:cobweb":3,"supplementaries:ash":1,"minecraft:shield":1,"minecraft:sea_pickle":2,"minecraft:diorite":56,"minecraft:torch":1,"minecraft:spruce_planks":3,"minecraft:wooden_axe":1,"minecraft:wooden_shovel":1,"minecraft:arrow":2},"minecraft:broken":{"minecraft:stone_pickaxe":4,"minecraft:wooden_pickaxe":1},"minecraft:crafted":{"minecraft:cherry_planks":48,"minecraft:wooden_shovel":1,"minecraft:cooked_porkchop":2,"minecraft:crafting_table":3,"minecraft:spruce_planks":44,"minecraft:cooked_chicken":1,"minecraft:wooden_pickaxe":1,"minecraft:furnace":5,"minecraft:copper_ingot":10,"minecraft:stone_axe":1,"minecraft:bread":54,"minecraft:air":0,"minecraft:iron_chestplate":1,"minecraft:shield":2,"minecraft:stick":28,"minecraft:iron_ingot":9,"minecraft:stone_pickaxe":4,"minecraft:wooden_axe":1,"minecraft:stone_sword":1,"minecraft:torch":48,"minecraft:wheat":180},"minecraft:killed_by":{"minecraft:skeleton":1,"minecraft:pillager":1}},"DataVersion":3465}