{"stats":{"minecraft:killed":{"born_in_chaos_v1:zombie_clown":1,"alexsmobs:hummingbird":1,"minecraft:witch":1,"born_in_chaos_v1:restless_spirit":3,"born_in_chaos_v1:zombie_lumberjack":1,"minecraft:spider":6,"born_in_chaos_v1:siamese_skeletonsright":2,"minecraft:skeleton":19,"irons_spellbooks:archevoker":1,"irons_spellbooks:summoned_skeleton":4,"born_in_chaos_v1:firelight_not_despawn":2,"artifacts:mimic":2,"enderzoology:fallen_knight":6,"minecraft:zombie_villager":1,"irons_spellbooks:necromancer":3,"minecraft:creeper":1,"minecraft:pillager":11,"minecraft:zombie":50,"born_in_chaos_v1:corpse_fly":1,"born_in_chaos_v1:door_knight":3,"born_in_chaos_v1:siamese_skeletonsleft":2,"minecraft:cow":9,"minecraft:vex":2,"irons_spellbooks:summoned_zombie":13,"minecraft:vindicator":1,"alexsmobs:seagull":1,"enderzoology:fallen_mount":3,"born_in_chaos_v1:maggot":21,"creeperoverhaul:snowy_creeper":1,"minecraft:drowned":1,"born_in_chaos_v1:corpse_fish":3,"alexsmobs:rocky_roller":1,"born_in_chaos_v1:barrel_zombie":1,"born_in_chaos_v1:decrepit_skeleton":7,"born_in_chaos_v1:bloody_gadfly":1,"born_in_chaos_v1:dark_vortex":2,"born_in_chaos_v1:nightmare_stalker":1},"minecraft:picked_up":{"minecraft:wheat":1,"illagerinvasion:platinum_chunk":4,"artifacts:umbrella":1,"minecraft:lead":2,"minecraft:potion":3,"minecraft:enchanted_book":2,"minecraft:stone_brick_stairs":3,"born_in_chaos_v1:bloody_gadfly_eye":1,"minecraft:string":28,"born_in_chaos_v1:mesh_door":1,"minecraft:raw_copper":111,"irons_spellbooks:heavy_chain_necklace":1,"minecraft:iron_leggings":1,"minecraft:armor_stand":2,"minecraft:experience_bottle":1,"minecraft:beetroot":1,"minecraft:sea_pickle":2,"irons_spellbooks:arcane_essence":6,"minecraft:deepslate_tiles":6,"minecraft:gold_nugget":87,"minecraft:cobbled_deepslate":26,"minecraft:spruce_planks":3,"minecraft:iron_pickaxe":1,"irons_spellbooks:inscription_table":1,"minecraft:mangrove_log":1,"minecraft:furnace":1,"minecraft:iron_boots":1,"minecraft:stick":25,"born_in_chaos_v1:shattered_skull":1,"irons_spellbooks:shriving_stone":1,"minecraft:oak_fence":10,"minecraft:torch":57,"minecraft:cherry_log":15,"tombstone:grave_dust":17,"minecraft:diorite":111,"born_in_chaos_v1:nightmare_claw":1,"minecraft:goat_horn":1,"minecraft:rotten_flesh":98,"minecraft:tropical_fish":1,"minecraft:iron_block":1,"supplementaries:ash":78,"minecraft:obsidian":2,"minecraft:iron_bars":4,"minecraft:cobblestone":1024,"minecraft:enchanting_table":1,"minecraft:magma_block":8,"minecraft:pink_petals":4,"minecraft:feather":3,"minecraft:andesite":1350,"minecraft:smoker":1,"minecraft:flint":1,"minecraft:tuff":30,"supplementaries:flax_seeds":1,"born_in_chaos_v1:black_argillite_button":3,"minecraft:lapis_lazuli":178,"minecraft:dirt":96,"minecraft:lantern":1,"born_in_chaos_v1:marigolds":1,"minecraft:bone":94,"minecraft:chipped_anvil":1,"minecraft:bow":2,"minecraft:wheat_seeds":46,"minecraft:raw_gold":28,"minecraft:cobbled_deepslate_slab":1,"minecraft:grindstone":1,"minecraft:bamboo":56,"minecraft:oak_planks":4,"minecraft:mossy_stone_brick_stairs":1,"minecraft:cooked_porkchop":3,"minecraft:sand":13,"minecraft:mossy_cobblestone":3,"minecraft:bundle":3,"minecraft:polished_andesite":26,"born_in_chaos_v1:fire_dust":2,"minecraft:diamond":16,"minecraft:spruce_boat":7,"minecraft:crossbow":1,"minecraft:bone_meal":1,"minecraft:spruce_sign":8,"minecraft:emerald":35,"scalinghealth:cursed_heart":1,"born_in_chaos_v1:rotten_fish":1,"minecraft:light_gray_carpet":3,"minecraft:andesite_slab":1,"minecraft:crafting_table":8,"minecraft:azure_bluet":1,"minecraft:clay_ball":12,"minecraft:chest_minecart":2,"minecraft:chain":1,"minecraft:cornflower":3,"minecraft:item_frame":9,"minecraft:white_carpet":2,"minecraft:blackstone":181,"minecraft:cracked_stone_bricks":12,"minecraft:beef":27,"minecraft:iron_nugget":16,"minecraft:lectern":2,"minecraft:egg":5,"minecraft:raw_iron":234,"sophisticatedbackpacks:backpack":1,"minecraft:carrot":1,"minecraft:redstone":52,"minecraft:arrow":20,"minecraft:beetroot_seeds":4,"minecraft:hay_block":33,"minecraft:gold_ingot":2,"minecraft:rail":10,"minecraft:skeleton_skull":1,"minecraft:white_wool":43,"born_in_chaos_v1:fused_bone":4,"minecraft:oxeye_daisy":1,"minecraft:cracked_deepslate_tiles":2,"born_in_chaos_v1:corpse_maggot":10,"born_in_chaos_v1:monster_flesh":2,"minecraft:glow_ink_sac":3,"minecraft:salmon":1,"minecraft:leather":14,"minecraft:red_mushroom":9,"minecraft:lily_pad":12,"minecraft:oak_log":28,"artifacts:superstitious_hat":1,"scalinghealth:bandages":8,"minecraft:yellow_bed":1,"minecraft:gunpowder":4,"scalinghealth:heart_crystal":8,"minecraft:blue_bed":14,"tombstone:gift":1,"minecraft:stone_bricks":20,"minecraft:iron_ingot":10,"artifacts:whoopee_cushion":1,"minecraft:stone_pickaxe":1,"born_in_chaos_v1:chipped_black_argillite_brick":4,"scalinghealth:power_crystal_shard":10,"tombstone:bag_of_seeds":1,"minecraft:iron_sword":1,"minecraft:flowering_azalea":2,"minecraft:book":4,"scalinghealth:heart_crystal_shard":4,"minecraft:smooth_basalt":33,"minecraft:emerald_block":1,"minecraft:chiseled_stone_bricks":5,"born_in_chaos_v1:ethereal_spirit":3,"minecraft:dandelion":1,"minecraft:gravel":18,"born_in_chaos_v1:dark_rod":4,"minecraft:amethyst_shard":36,"minecraft:spruce_sapling":26,"minecraft:blast_furnace":1,"minecraft:white_bed":8,"minecraft:spruce_log":318,"minecraft:spruce_door":3,"minecraft:spider_eye":3,"irons_spellbooks:magehunter":1,"born_in_chaos_v1:black_argillite_brick_slab":6,"minecraft:iron_helmet":1,"minecraft:painting":1,"minecraft:cherry_sapling":1,"tombstone:magic_scroll":2,"minecraft:melon_seeds":10,"minecraft:coal":253},"minecraft:mined":{"minecraft:large_amethyst_bud":1,"minecraft:spruce_planks":3,"minecraft:white_bed":8,"minecraft:cherry_log":15,"minecraft:grass_block":51,"minecraft:oxeye_daisy":1,"minecraft:chiseled_stone_bricks":4,"minecraft:spawner":8,"minecraft:iron_ore":78,"born_in_chaos_v1:black_argillite_brick_slab":4,"minecraft:fire":9,"minecraft:deepslate_lapis_ore":13,"minecraft:enchanting_table":1,"minecraft:dirt_path":1,"minecraft:iron_bars":4,"minecraft:iron_block":1,"minecraft:tripwire":1,"minecraft:deepslate_redstone_ore":4,"minecraft:blackstone":38,"minecraft:smoker":1,"minecraft:amethyst_cluster":9,"minecraft:powder_snow":26,"minecraft:clay":3,"minecraft:torch":8,"minecraft:blast_furnace":1,"minecraft:poppy":1,"minecraft:cobblestone":38,"minecraft:oak_planks":1,"minecraft:wall_torch":6,"minecraft:pink_petals":2,"minecraft:stone_brick_stairs":1,"minecraft:grass":267,"minecraft:cracked_deepslate_tiles":1,"minecraft:oak_log":28,"minecraft:sand":13,"minecraft:dirt":45,"minecraft:deepslate":4,"minecraft:oak_leaves":1,"minecraft:emerald_block":1,"minecraft:tuff":21,"minecraft:deepslate_diamond_ore":5,"minecraft:glow_lichen":1,"minecraft:cobbled_deepslate_slab":2,"minecraft:polished_andesite_slab":1,"minecraft:spruce_leaves":26,"minecraft:red_mushroom":2,"minecraft:large_fern":2,"minecraft:hay_block":34,"minecraft:redstone_ore":2,"minecraft:spruce_sapling":1,"minecraft:furnace":1,"minecraft:andesite":48,"minecraft:deepslate_iron_ore":32,"minecraft:bamboo":5,"irons_spellbooks:inscription_table":1,"minecraft:stone":447,"scalinghealth:heart_crystal_ore":2,"minecraft:flowering_azalea":1,"born_in_chaos_v1:marigolds":1,"minecraft:dandelion":2,"minecraft:spruce_door":2,"minecraft:oak_fence":1,"minecraft:crafting_table":7,"minecraft:cornflower":2,"minecraft:emerald_ore":4,"minecraft:andesite_slab":3,"minecraft:lectern":2,"minecraft:copper_ore":26,"minecraft:tall_grass":167,"minecraft:deepslate_coal_ore":14,"born_in_chaos_v1:chipped_black_argillite_brick":4,"minecraft:lapis_ore":3,"minecraft:deepslate_gold_ore":3,"minecraft:diorite":120,"minecraft:blue_bed":14,"supplementaries:urn":50,"graveyard:vase_block":3,"minecraft:spruce_log":321,"minecraft:birch_leaves":2,"minecraft:coal_ore":101,"minecraft:cherry_leaves":5,"minecraft:gravel":16,"minecraft:cobweb":19,"minecraft:cracked_stone_bricks":8,"minecraft:polished_andesite":17,"minecraft:stone_bricks":19,"minecraft:chipped_anvil":1,"minecraft:fern":20},"minecraft:custom":{"minecraft:interact_with_crafting_table":120,"minecraft:open_barrel":118,"goblintraders:trade_with_goblin":69,"minecraft:bell_ring":15,"minecraft:leave_game":22,"minecraft:time_since_death":1045,"minecraft:sprint_one_cm":2019998,"minecraft:damage_blocked_by_shield":5527,"minecraft:drop":107,"minecraft:talked_to_villager":6,"minecraft:play_time":809271,"minecraft:deaths":6,"minecraft:jump":21855,"minecraft:interact_with_brewingstand":4,"minecraft:walk_on_water_one_cm":120796,"minecraft:interact_with_furnace":84,"minecraft:sleep_in_bed":34,"minecraft:damage_dealt":54130,"minecraft:crouch_one_cm":196186,"tombstone:undead_killed":117,"minecraft:interact_with_smoker":27,"minecraft:inspect_dispenser":2,"minecraft:interact_with_smithing_table":1,"minecraft:interact_with_anvil":1,"minecraft:mob_kills":194,"minecraft:damage_dealt_resisted":3738,"minecraft:climb_one_cm":52847,"minecraft:walk_one_cm":1489700,"minecraft:sneak_time":60197,"minecraft:walk_under_water_one_cm":46479,"minecraft:boat_one_cm":1309532,"minecraft:interact_with_blast_furnace":22,"minecraft:total_world_time":809271,"tombstone:raider_killed":19,"minecraft:tune_noteblock":6,"minecraft:time_since_rest":1,"minecraft:damage_taken":13385,"minecraft:swim_one_cm":271181,"minecraft:fly_one_cm":4266119,"minecraft:open_chest":448,"minecraft:fall_one_cm":485545},"minecraft:used":{"minecraft:cherry_sapling":1,"minecraft:iron_shovel":40,"minecraft:ladder":8,"minecraft:chest":6,"minecraft:shield":116,"minecraft:iron_sword":845,"minecraft:iron_chestplate":1,"artifacts:umbrella":28,"minecraft:cracked_deepslate_tiles":1,"minecraft:spruce_boat":7,"minecraft:glass":18,"minecraft:lantern":3,"minecraft:iron_helmet":3,"minecraft:stone_brick_stairs":1,"minecraft:stone_bricks":3,"minecraft:furnace":7,"minecraft:egg":2,"minecraft:diorite":23,"minecraft:spruce_door":5,"minecraft:stone_pickaxe":625,"minecraft:blackstone":106,"minecraft:wooden_pickaxe":59,"artifacts:eternal_steak":8,"minecraft:blue_bed":14,"minecraft:sand":1,"minecraft:blast_furnace":1,"minecraft:crossbow":1,"minecraft:lightning_rod":1,"minecraft:deepslate_tiles":6,"minecraft:bread":186,"minecraft:string":1,"born_in_chaos_v1:marigolds":1,"minecraft:andesite":111,"minecraft:enchanting_table":1,"minecraft:stone_sword":262,"minecraft:armor_stand":2,"minecraft:light_gray_carpet":3,"minecraft:spruce_planks":115,"minecraft:wooden_shovel":13,"minecraft:cooked_chicken":1,"minecraft:torch":444,"minecraft:dirt":39,"minecraft:anvil":1,"scalinghealth:heart_crystal":10,"minecraft:wooden_axe":8,"minecraft:iron_axe":160,"minecraft:iron_boots":3,"minecraft:smooth_basalt":13,"minecraft:diamond_chestplate":1,"minecraft:goat_horn":2,"tombstone:gift":7,"minecraft:cooked_beef":24,"minecraft:cherry_log":3,"minecraft:cobbled_deepslate":7,"minecraft:iron_leggings":3,"minecraft:water_bucket":9,"minecraft:polished_andesite":10,"minecraft:andesite_slab":1,"minecraft:cherry_planks":12,"minecraft:cracked_stone_bricks":9,"justhammers:diamond_hammer":446,"minecraft:crafting_table":15,"supplementaries:bomb":1,"minecraft:white_bed":8,"minecraft:spruce_log":150,"justhammers:iron_hammer":1,"minecraft:smoker":1,"tombstone:bag_of_seeds":2,"minecraft:oak_log":14,"minecraft:cornflower":3,"minecraft:oxeye_daisy":1,"minecraft:iron_pickaxe":335,"minecraft:spruce_sapling":17,"minecraft:stone_axe":253,"minecraft:pink_petals":4,"minecraft:chiseled_stone_bricks":3,"minecraft:potion":1,"minecraft:cobblestone":395,"minecraft:cobbled_deepslate_slab":1,"minecraft:cooked_porkchop":5,"minecraft:bucket":9,"minecraft:glass_pane":13,"alexsmobs:animal_dictionary":9,"minecraft:dandelion":1},"minecraft:broken":{"minecraft:iron_boots":1,"minecraft:iron_leggings":1,"minecraft:stone_pickaxe":4,"minecraft:stone_axe":2,"minecraft:iron_sword":1,"minecraft:stone_sword":1,"minecraft:chainmail_helmet":1,"minecraft:wooden_pickaxe":1,"minecraft:shield":1,"minecraft:iron_helmet":2},"minecraft:dropped":{"minecraft:glow_ink_sac":1,"minecraft:glass_bottle":1,"minecraft:cooked_porkchop":2,"minecraft:chest_minecart":2,"minecraft:rail":9,"minecraft:dirt":3,"minecraft:cracked_deepslate_tiles":1,"irons_spellbooks:arcane_essence":6,"minecraft:gold_nugget":48,"minecraft:bone_meal":1,"minecraft:iron_pickaxe":1,"minecraft:bone":5,"minecraft:gravel":3,"minecraft:stone_axe":1,"minecraft:blackstone":13,"minecraft:cobbled_deepslate":12,"born_in_chaos_v1:ethereal_spirit":2,"minecraft:rotten_flesh":28,"minecraft:white_bed":1,"supplementaries:flax_seeds":1,"supplementaries:ash":63,"minecraft:beetroot_seeds":4,"minecraft:melon_seeds":4,"born_in_chaos_v1:corpse_maggot":6,"minecraft:arrow":4,"born_in_chaos_v1:dark_rod":1,"minecraft:bread":26,"minecraft:wheat_seeds":11,"minecraft:iron_helmet":1,"minecraft:cobblestone":120,"scalinghealth:heart_crystal_shard":2,"minecraft:spruce_door":2,"minecraft:coal":3,"minecraft:cobweb":3,"minecraft:diorite":56,"minecraft:torch":2,"minecraft:wooden_axe":1,"tombstone:grave_dust":1,"minecraft:iron_leggings":1,"minecraft:flowering_azalea":2,"minecraft:string":5,"minecraft:lily_pad":12,"minecraft:redstone":39,"minecraft:stone_sword":1,"minecraft:raw_iron":2,"irons_spellbooks:magehunter":1,"minecraft:iron_boots":1,"minecraft:shield":1,"minecraft:sea_pickle":2,"minecraft:spruce_planks":3,"minecraft:bundle":2,"minecraft:andesite":320,"minecraft:yellow_bed":1,"minecraft:wooden_shovel":1,"artifacts:eternal_steak":1,"minecraft:spider_eye":1,"minecraft:stone_bricks":2,"scalinghealth:bandages":6},"minecraft:crafted":{"minecraft:oak_planks":12,"minecraft:cooked_chicken":1,"minecraft:lightning_rod":1,"minecraft:glass":28,"minecraft:iron_boots":1,"justhammers:diamond_hammer":1,"minecraft:chest":7,"minecraft:copper_block":1,"minecraft:wooden_shovel":1,"sophisticatedbackpacks:backpack":1,"minecraft:cooked_porkchop":2,"minecraft:crafting_table":7,"minecraft:spruce_planks":312,"minecraft:wooden_pickaxe":1,"minecraft:iron_helmet":2,"minecraft:spruce_door":6,"minecraft:copper_ingot":10,"minecraft:iron_chestplate":1,"minecraft:shield":4,"minecraft:stick":144,"born_in_chaos_v1:smoked_flesh":28,"minecraft:iron_ingot":306,"minecraft:iron_pickaxe":1,"minecraft:iron_block":27,"minecraft:stone_sword":2,"minecraft:gold_ingot":41,"minecraft:polished_andesite":16,"minecraft:cherry_planks":48,"artifacts:eternal_steak":2,"minecraft:iron_nugget":18,"minecraft:furnace":6,"minecraft:glass_pane":16,"minecraft:lantern":2,"minecraft:iron_axe":2,"minecraft:ladder":12,"minecraft:stone_pickaxe":4,"minecraft:spruce_boat":1,"minecraft:wheat":297,"sophisticatedbackpacks:iron_backpack":2,"minecraft:cooked_beef":26,"minecraft:enchanting_table":1,"minecraft:iron_sword":5,"sophisticatedbackpacks:gold_backpack":1,"minecraft:bucket":1,"minecraft:stone_axe":3,"minecraft:bread":117,"minecraft:air":0,"justhammers:iron_hammer":1,"minecraft:white_wool":3,"minecraft:wooden_axe":1,"minecraft:iron_shovel":1,"minecraft:iron_leggings":2,"minecraft:anvil":1,"minecraft:white_bed":2,"minecraft:torch":364,"minecraft:lapis_block":21,"minecraft:diamond_chestplate":1},"minecraft:killed_by":{"minecraft:pillager":1,"minecraft:vex":1,"born_in_chaos_v1:lifestealer_true_form":1,"minecraft:skeleton":1,"irons_spellbooks:archevoker":2}},"DataVersion":3465}