{"stats":{"minecraft:custom":{"minecraft:interact_with_smithing_table":1,"minecraft:mob_kills":30,"minecraft:interact_with_crafting_table":52,"minecraft:open_barrel":28,"minecraft:bell_ring":1,"minecraft:damage_dealt_resisted":10,"minecraft:leave_game":7,"minecraft:time_since_death":116345,"minecraft:climb_one_cm":17400,"minecraft:sprint_one_cm":648436,"minecraft:walk_one_cm":597283,"minecraft:damage_blocked_by_shield":1974,"minecraft:drop":21,"minecraft:talked_to_villager":2,"minecraft:play_time":263675,"minecraft:deaths":2,"minecraft:sneak_time":29212,"minecraft:walk_under_water_one_cm":9298,"minecraft:jump":6535,"minecraft:interact_with_brewingstand":4,"minecraft:walk_on_water_one_cm":18845,"minecraft:total_world_time":263675,"minecraft:interact_with_furnace":47,"tombstone:raider_killed":7,"minecraft:tune_noteblock":6,"minecraft:sleep_in_bed":12,"minecraft:time_since_rest":19797,"minecraft:damage_taken":3187,"minecraft:damage_dealt":7334,"minecraft:swim_one_cm":104673,"minecraft:fly_one_cm":1166795,"minecraft:open_chest":146,"minecraft:crouch_one_cm":92284,"tombstone:undead_killed":15,"minecraft:interact_with_smoker":15,"minecraft:fall_one_cm":149785},"minecraft:picked_up":{"minecraft:crafting_table":3,"minecraft:wheat":1,"illagerinvasion:platinum_chunk":2,"minecraft:enchanted_book":2,"minecraft:potion":1,"born_in_chaos_v1:bloody_gadfly_eye":1,"minecraft:cornflower":3,"minecraft:string":4,"minecraft:raw_copper":92,"minecraft:white_carpet":2,"minecraft:armor_stand":1,"minecraft:item_frame":9,"minecraft:experience_bottle":1,"minecraft:sea_pickle":2,"minecraft:spruce_planks":3,"minecraft:egg":4,"minecraft:furnace":1,"minecraft:stick":20,"minecraft:raw_iron":33,"minecraft:torch":5,"minecraft:cherry_log":15,"minecraft:diorite":111,"minecraft:arrow":2,"minecraft:rotten_flesh":3,"minecraft:hay_block":33,"minecraft:gold_ingot":2,"supplementaries:ash":1,"minecraft:cobblestone":407,"minecraft:white_wool":43,"minecraft:oxeye_daisy":1,"born_in_chaos_v1:fused_bone":2,"born_in_chaos_v1:corpse_maggot":1,"minecraft:andesite":16,"minecraft:smoker":1,"minecraft:red_mushroom":1,"minecraft:tuff":19,"minecraft:oak_log":28,"scalinghealth:bandages":2,"minecraft:blue_bed":13,"minecraft:dirt":64,"tombstone:gift":1,"minecraft:bone":8,"minecraft:stone_bricks":3,"minecraft:wheat_seeds":31,"minecraft:stone_pickaxe":1,"minecraft:iron_ingot":2,"minecraft:book":3,"scalinghealth:heart_crystal_shard":1,"minecraft:cooked_porkchop":3,"born_in_chaos_v1:ethereal_spirit":1,"minecraft:sand":12,"minecraft:amethyst_shard":4,"born_in_chaos_v1:dark_rod":2,"minecraft:spruce_sapling":25,"minecraft:spruce_log":214,"minecraft:spruce_door":3,"minecraft:painting":1,"minecraft:bone_meal":1,"minecraft:cherry_sapling":1,"minecraft:emerald":5,"minecraft:light_gray_carpet":3,"minecraft:coal":107},"minecraft:used":{"minecraft:stone_sword":150,"minecraft:iron_shovel":40,"minecraft:armor_stand":1,"minecraft:ladder":8,"minecraft:light_gray_carpet":3,"minecraft:chest":2,"minecraft:spruce_planks":111,"minecraft:shield":36,"minecraft:wooden_shovel":13,"minecraft:cooked_chicken":1,"minecraft:iron_chestplate":1,"minecraft:torch":48,"minecraft:dirt":29,"minecraft:glass":12,"minecraft:wooden_axe":8,"minecraft:lantern":2,"minecraft:iron_boots":1,"minecraft:stone_bricks":3,"minecraft:furnace":7,"tombstone:gift":4,"minecraft:egg":1,"minecraft:cooked_beef":2,"minecraft:cherry_log":3,"minecraft:iron_leggings":1,"minecraft:diorite":23,"minecraft:spruce_door":5,"minecraft:stone_pickaxe":625,"minecraft:wooden_pickaxe":59,"minecraft:cherry_planks":12,"artifacts:eternal_steak":8,"minecraft:blue_bed":13,"minecraft:crafting_table":8,"minecraft:smoker":1,"justhammers:iron_hammer":1,"minecraft:spruce_log":147,"minecraft:lightning_rod":1,"minecraft:oak_log":14,"minecraft:bread":50,"minecraft:iron_pickaxe":88,"minecraft:spruce_sapling":17,"minecraft:stone_axe":253,"minecraft:cobblestone":177,"minecraft:cooked_porkchop":3},"minecraft:broken":{"minecraft:wooden_pickaxe":1,"minecraft:stone_pickaxe":4,"minecraft:stone_axe":2},"minecraft:killed":{"born_in_chaos_v1:restless_spirit":1,"born_in_chaos_v1:siamese_skeletonsright":1,"enderzoology:fallen_mount":1,"born_in_chaos_v1:maggot":3,"creeperoverhaul:snowy_creeper":1,"minecraft:skeleton":3,"born_in_chaos_v1:corpse_fish":1,"enderzoology:fallen_knight":1,"born_in_chaos_v1:decrepit_skeleton":2,"born_in_chaos_v1:bloody_gadfly":1,"minecraft:pillager":7,"minecraft:zombie":6,"born_in_chaos_v1:dark_vortex":1,"born_in_chaos_v1:siamese_skeletonsleft":1},"minecraft:mined":{"minecraft:tuff":20,"minecraft:spruce_planks":3,"minecraft:cherry_log":15,"minecraft:grass_block":49,"minecraft:spruce_leaves":25,"minecraft:red_mushroom":1,"minecraft:oxeye_daisy":1,"minecraft:hay_block":34,"minecraft:spruce_sapling":1,"minecraft:furnace":1,"minecraft:iron_ore":29,"minecraft:andesite":19,"minecraft:dirt_path":1,"minecraft:deepslate_iron_ore":5,"minecraft:stone":421,"scalinghealth:heart_crystal_ore":1,"minecraft:smoker":1,"minecraft:amethyst_cluster":1,"minecraft:spruce_door":2,"minecraft:dandelion":1,"minecraft:powder_snow":25,"minecraft:cornflower":2,"minecraft:crafting_table":3,"minecraft:torch":2,"minecraft:tall_grass":64,"minecraft:copper_ore":26,"minecraft:cobblestone":16,"minecraft:deepslate_coal_ore":14,"minecraft:wall_torch":1,"minecraft:diorite":120,"minecraft:blue_bed":13,"minecraft:spruce_log":217,"minecraft:birch_leaves":1,"minecraft:grass":180,"minecraft:oak_log":28,"minecraft:coal_ore":87,"minecraft:cherry_leaves":5,"minecraft:sand":12,"minecraft:dirt":17,"minecraft:cobweb":7,"minecraft:stone_bricks":6,"minecraft:oak_leaves":1,"minecraft:fern":15},"minecraft:killed_by":{"minecraft:pillager":1,"minecraft:skeleton":1},"minecraft:crafted":{"minecraft:cherry_planks":48,"artifacts:eternal_steak":2,"minecraft:oak_planks":12,"minecraft:iron_nugget":18,"minecraft:cooked_chicken":1,"minecraft:lightning_rod":1,"minecraft:furnace":6,"minecraft:glass":12,"minecraft:lantern":2,"minecraft:ladder":12,"minecraft:stone_pickaxe":4,"minecraft:chest":2,"minecraft:wheat":297,"minecraft:wooden_shovel":1,"minecraft:cooked_porkchop":2,"minecraft:crafting_table":5,"minecraft:spruce_planks":212,"minecraft:wooden_pickaxe":1,"minecraft:spruce_door":6,"minecraft:copper_ingot":10,"minecraft:stone_axe":3,"minecraft:bread":93,"minecraft:air":0,"justhammers:iron_hammer":1,"minecraft:iron_chestplate":1,"minecraft:shield":3,"minecraft:stick":64,"born_in_chaos_v1:smoked_flesh":18,"minecraft:iron_ingot":12,"minecraft:wooden_axe":1,"minecraft:stone_sword":2,"minecraft:iron_shovel":1,"minecraft:white_bed":1,"minecraft:torch":80},"minecraft:dropped":{"minecraft:bread":26,"minecraft:wheat_seeds":4,"minecraft:cooked_porkchop":2,"minecraft:spruce_door":2,"minecraft:coal":3,"minecraft:cobweb":3,"minecraft:diorite":56,"minecraft:torch":1,"minecraft:wooden_axe":1,"minecraft:raw_iron":2,"minecraft:white_bed":1,"supplementaries:ash":1,"minecraft:shield":1,"minecraft:sea_pickle":2,"minecraft:spruce_planks":3,"born_in_chaos_v1:corpse_maggot":1,"minecraft:wooden_shovel":1,"minecraft:arrow":2}},"DataVersion":3465}