{"stats":{"minecraft:dropped":{"minecraft:wheat_seeds":1},"minecraft:picked_up":{"minecraft:wheat_seeds":1},"minecraft:mined":{"minecraft:grass":2},"minecraft:custom":{"minecraft:jump":31,"minecraft:time_since_rest":603,"minecraft:leave_game":1,"minecraft:sprint_one_cm":2112,"minecraft:play_time":603,"minecraft:damage_taken":40,"minecraft:time_since_death":603,"minecraft:walk_one_cm":246,"minecraft:total_world_time":603,"minecraft:drop":1,"minecraft:fall_one_cm":1822,"minecraft:fly_one_cm":9405}},"DataVersion":3465}